sample_id,pred_class_id,pred_label,prob_negative,prob_neutral,prob_positive,pred_intensity,main_modality,importance_text,importance_audio,importance_vision,router_text,router_audio,router_vision,main_grid_start,main_grid_end_exclusive,main_start_sec_approx,main_end_sec_approx,main_text_fragment_approx,main_visual_keyframe,audio_start_sec_approx,audio_end_sec_approx,mapping_note,cls_prob_delta_signed_text,reg_delta_signed_text,cls_prob_delta_signed_audio,reg_delta_signed_audio,cls_prob_delta_signed_vision,reg_delta_signed_vision
01,1,Neutral,0.07563155144453049,0.543472945690155,0.3808954656124115,0.08916367590427399,vision,0.38891613483428955,0.056233961135149,0.5548499226570129,0.3106549382209778,0.2236306518316269,0.46571439504623413,16,24,2.88,4.32,the new belt,outputs/q3/evidence_frames/01_vision_rank1.jpg,6.84,7.56,aligned_grid_exact; second/text projection approximate,0.15352356433868408,-0.049258604645729065,0.020363032817840576,-0.02363874763250351,0.18668150901794434,-0.3613708019256592
02,1,Neutral,0.26922890543937683,0.3997214138507843,0.33104971051216125,-0.2170735001564026,vision,0.1433991938829422,0.09867961704730988,0.7579211592674255,0.43870195746421814,0.24464938044548035,0.3166486918926239,5,9,0.33666666666666667,0.606,to live,outputs/q3/evidence_frames/02_vision_rank1.jpg,2.9626666666666663,3.0973333333333333,aligned_grid_exact; second/text projection approximate,-0.007451653480529785,-0.21727097034454346,0.018287718296051025,-0.031075119972229004,0.13011550903320312,-0.33178791403770447
03,1,Neutral,0.23389481008052826,0.537607729434967,0.2284974604845047,-0.26577118039131165,text,0.8399250507354736,0.03496323898434639,0.1251116544008255,0.4030657708644867,0.22880160808563232,0.36813265085220337,14,17,2.6973333333333334,3.275333333333333,which I think,outputs/q3/evidence_frames/03_vision_rank1.jpg,6.935999999999999,7.706666666666666,aligned_grid_exact; second/text projection approximate,0.23387515544891357,-0.5797927379608154,0.01194000244140625,0.004293531179428101,0.038372308015823364,0.05454602837562561
04,2,Positive,0.24764466285705566,0.3405537009239197,0.41180160641670227,0.13950249552726746,text,0.7580231428146362,0.013704583048820496,0.22827228903770447,0.4547463655471802,0.2210572510957718,0.32419636845588684,0,1,0.0,0.138,If,outputs/q3/evidence_frames/04_vision_rank1.jpg,3.7260000000000004,4.14,aligned_grid_exact; second/text projection approximate,-0.30569174885749817,-0.38690194487571716,0.004480034112930298,0.016414925456047058,0.08010613918304443,0.22406543791294098
05,2,Positive,0.011445293202996254,0.2015664428472519,0.7869881987571716,1.0320231914520264,text,0.5070024132728577,0.035450782626867294,0.4575468599796295,0.40992113947868347,0.1878497302532196,0.4022291302680969,0,2,0.0,0.244,Hi,outputs/q3/evidence_frames/05_vision_rank1.jpg,2.44,2.6839999999999997,aligned_grid_exact; second/text projection approximate,0.03372591733932495,0.39535945653915405,0.002525806427001953,0.026135802268981934,0.040280282497406006,0.268196702003479
06,2,Positive,0.0617607943713665,0.17008636891841888,0.7681528925895691,0.8188689351081848,text,0.616929829120636,0.014437926933169365,0.3686322569847107,0.5198257565498352,0.21165500581264496,0.26851919293403625,0,1,0.0,0.16466666666666666,If,outputs/q3/evidence_frames/06_vision_rank1.jpg,6.751333333333332,7.903999999999999,aligned_grid_exact; second/text projection approximate,0.3035632073879242,0.7188114523887634,-0.008784234523773193,-0.0017022490501403809,-0.1658053994178772,-0.5697454810142517
07,2,Positive,0.009243912994861603,0.09049107879400253,0.9002649784088135,1.151923418045044,text,0.8699989914894104,0.0018491444643586874,0.1281518042087555,0.465364545583725,0.2031707763671875,0.33146461844444275,19,24,8.094,10.224,"growing the hobby , the future",outputs/q3/evidence_frames/07_vision_rank1.jpg,20.874000000000002,21.3,aligned_grid_exact; second/text projection approximate,0.22418028116226196,0.8532614707946777,-0.0004603266716003418,0.0019588470458984375,-0.0259779691696167,-0.18908250331878662
08,2,Positive,0.03350691497325897,0.35486480593681335,0.6116282939910889,0.5351136922836304,vision,0.35064277052879333,0.0980423241853714,0.5513148903846741,0.38316693902015686,0.20459818840026855,0.4122348725795746,41,43,4.072666666666667,4.271333333333334,That,outputs/q3/evidence_frames/08_vision_rank1.jpg,1.192,1.788,aligned_grid_exact; second/text projection approximate,0.13897159695625305,0.42593175172805786,-0.046316683292388916,-0.05196082592010498,-0.24043035507202148,-0.4723612070083618
09,0,Negative,0.9798679947853088,0.013322168961167336,0.006809760816395283,-2.3334646224975586,text,0.9869473576545715,0.001458834740333259,0.011593768373131752,0.6455399394035339,0.17835091054439545,0.17610910534858704,6,11,0.604,1.1073333333333333,) I,outputs/q3/evidence_frames/09_vision_rank1.jpg,4.228,4.53,aligned_grid_exact; second/text projection approximate,0.8659451007843018,-2.406736373901367,-0.0009992122650146484,0.0060842037200927734,-0.005392909049987793,0.07128691673278809
10,0,Negative,0.9613503813743591,0.01373748853802681,0.024912165477871895,-1.759238362312317,text,0.9839097261428833,0.0031342145521193743,0.012956042774021626,0.7123645544052124,0.15193447470664978,0.1357010006904602,26,30,5.113333333333333,5.9,sometimes so I,outputs/q3/evidence_frames/10_vision_rank1.jpg,7.473333333333334,9.243333333333334,aligned_grid_exact; second/text projection approximate,0.8897647857666016,-2.1224875450134277,-0.0018264055252075195,0.015832185745239258,-0.00542837381362915,0.08454036712646484
11,0,Negative,0.7970295548439026,0.07044535130262375,0.13252504169940948,-0.8567676544189453,text,0.9562204480171204,0.008265773765742779,0.035513732582330704,0.6058037877082825,0.1977299004793167,0.196466326713562,0,3,0.0,0.348,I,outputs/q3/evidence_frames/11_vision_rank1.jpg,5.336,5.568,aligned_grid_exact; second/text projection approximate,0.6917099952697754,-0.9956227540969849,-0.0063440799713134766,-0.0053231120109558105,-0.0274236798286438,0.02137291431427002
12,0,Negative,0.683284342288971,0.22878962755203247,0.08792608231306076,-0.7875239849090576,text,0.8913063406944275,0.006220541894435883,0.10247315466403961,0.5021313428878784,0.23336605727672577,0.2645026445388794,14,17,3.6213333333333333,4.397333333333333,usually by no,outputs/q3/evidence_frames/12_vision_rank1.jpg,11.122666666666667,12.933333333333332,aligned_grid_exact; second/text projection approximate,0.5572651624679565,-0.806728184223175,-0.003777444362640381,-0.006636142730712891,-0.07168459892272949,-0.024204730987548828
13,1,Neutral,0.09758584201335907,0.5875385999679565,0.3148755729198456,-0.00500867422670126,text,0.5037403106689453,0.03233427181839943,0.46392542123794556,0.3567803204059601,0.19946567714214325,0.4437539875507355,38,39,6.586666666666666,6.76,two of,outputs/q3/evidence_frames/13_vision_rank1.jpg,7.453333333333332,8.666666666666666,aligned_grid_exact; second/text projection approximate,0.19567671418190002,-0.15405896306037903,0.012677252292633057,-0.00883492175489664,0.164162278175354,-0.28631845116615295
14,1,Neutral,0.03731419891119003,0.48710179328918457,0.4755839705467224,0.5672094821929932,text,0.9041145443916321,0.008844527415931225,0.08704093098640442,0.48276224732398987,0.2051721066236496,0.31206566095352173,28,29,5.749333333333334,5.954666666666667,Uniform,outputs/q3/evidence_frames/14_vision_rank1.jpg,7.392,8.008000000000001,aligned_grid_exact; second/text projection approximate,0.2831912636756897,-0.06331896781921387,-0.0008798837661743164,0.017633259296417236,-0.002438277006149292,0.22952178120613098
15,2,Positive,0.025053206831216812,0.09038909524679184,0.8845577836036682,1.100435733795166,text,0.8294603824615479,0.012663861736655235,0.15787577629089355,0.5013971328735352,0.20298580825328827,0.2956170439720154,48,50,7.04,7.333333333333332,lives,outputs/q3/evidence_frames/15_vision_rank1.jpg,4.84,6.013333333333333,aligned_grid_exact; second/text projection approximate,0.2419569492340088,0.7869293689727783,-0.004258275032043457,-0.006936788558959961,-0.04045665264129639,-0.2001476287841797
16,0,Negative,0.9794095754623413,0.01553973089903593,0.005050682928413153,-2.316577196121216,text,0.9904719591140747,0.0018805621657520533,0.007647525519132614,0.6843898296356201,0.17363491654396057,0.14197522401809692,4,7,0.248,0.434,It ',outputs/q3/evidence_frames/16_vision_rank1.jpg,1.178,1.3020000000000003,aligned_grid_exact; second/text projection approximate,0.8623377680778503,-2.348850727081299,-0.0013944506645202637,0.0066449642181396484,-0.004409611225128174,0.03837275505065918
17,2,Positive,0.0027737717609852552,0.011901626363396645,0.9853245615959167,1.9518145322799683,text,0.9845162034034729,0.0004203762800898403,0.015063483268022537,0.6433144807815552,0.16824816167354584,0.18843738734722137,36,47,6.935999999999999,9.055333333333333,you turned into a design guru,outputs/q3/evidence_frames/17_vision_rank1.jpg,6.743333333333332,8.477333333333334,aligned_grid_exact; second/text projection approximate,0.35535818338394165,1.6923620700836182,-0.00011527538299560547,0.0010505914688110352,-0.002172410488128662,-0.05527603626251221
18,1,Neutral,0.28126242756843567,0.5562261939048767,0.16251137852668762,-0.49121493101119995,text,0.7485104203224182,0.008599989116191864,0.2428896129131317,0.4107479155063629,0.23118582367897034,0.35806626081466675,40,42,14.96,15.708,on mackerel,outputs/q3/evidence_frames/18_vision_rank1.jpg,0.0,0.748,aligned_grid_exact; second/text projection approximate,0.19166111946105957,-0.5212571620941162,0.0027517080307006836,-0.0010422170162200928,0.05534285306930542,-0.23080244660377502
19,2,Positive,0.2836361825466156,0.22126378118991852,0.4950999915599823,0.17558197677135468,text,0.9323573112487793,0.008382804691791534,0.05925993248820305,0.4491397440433502,0.2249893993139267,0.3258708417415619,3,6,0.818,1.636,surprisingly forgiving brands,outputs/q3/evidence_frames/19_vision_rank1.jpg,12.542666666666667,13.633333333333333,aligned_grid_exact; second/text projection approximate,-0.1458158791065216,-0.24854044616222382,-0.0006223320960998535,0.008432731032371521,-0.0035588741302490234,0.06717857718467712
20,2,Positive,0.004674406722187996,0.05846378207206726,0.9368618726730347,1.3381545543670654,text,0.9827028512954712,0.0035094821359962225,0.01378763746470213,0.5744496583938599,0.17211836576461792,0.25343191623687744,0,2,0.0,0.4346666666666667,And of,outputs/q3/evidence_frames/20_vision_rank1.jpg,9.562666666666667,10.866666666666667,aligned_grid_exact; second/text projection approximate,0.25561296939849854,0.9604728817939758,-0.0007016658782958984,0.005330681800842285,-0.0021401047706604004,-0.026491641998291016
