sample_id,video_id,clip_id,relative_video_path,duration_used_sec,duration_used_source,duration_container_sec,duration_video_stream_sec,duration_audio_stream_sec,duration_video_decoded_sec,duration_audio_decoded_sec,duration_container_minus_used_sec,duration_video_stream_minus_used_sec,duration_audio_video_decoded_difference_sec,video_start_sec,audio_start_sec,first_video_pts_sec,last_video_pts_sec,first_audio_pts_sec,last_audio_pts_sec,decoded_frame_count,decoded_audio_frame_count,video_decode_complete,audio_decode_complete,negative_video_pts_count,nonmonotonic_video_pts_count,missing_video_pts_count,fps_nominal,fps,fps_decoded,width,height,original_audio_rate,original_audio_channels,text_word_count,forced_aligned_word_count,interpolated_word_count,proportional_fallback_word_count,text_word_boundary_coverage,text_valid_bins,audio_present_bins,audio_reliable_bins,audio_valid_bins,voiced_ratio_global,vision_valid_bins,face_coverage_global,mean_face_confidence_global,text_shape,audio_shape,vision_shape,prepare_status,source_video_sha256,wav_sha256,alignment_text_sha256,mfa_cache_key,warning_codes,error,status,text_cleaning_changes
-3g5yACwYnA/13,-3g5yACwYnA,13,-3g5yACwYnA/13.mp4,5.5,decoded_video_pts_span,5.513997,5.513997,5.399002,5.5,5.399092970521542,0.013996999999999815,0.013996999999999815,-0.1009070294784582,0.0,0.0,0.0,5.466666666666667,0.0,5.375873015873016,163,233,True,True,0,0,0,30/1,30/1,29.636363636363637,1280,720,44100,2,15,15,0,0,1.0,41,49,39,39,0.0,50,1.0,0.9332616329193115,1x50x128,1x50x74,1x50x52,ok,aeb47627f59dce3d0a85a44ef35e4a3bc18211498e98c8c11cf60269646df24f,8f5e703ff96d2fa529af0c95a6fa72f998d5bb3a974ff2057310382da55d10ef,d2befc74ee144a77fd11522bc40f846f546add6ad621670fc5c679209b7cb005,739d67f5e3f51120597cc8b497e879d8ee77d1cf07ad530c7e15b68cb25d6391,,,ok,punctuation_and_extra_whitespace_normalized
-3g5yACwYnA/3,-3g5yACwYnA,3,-3g5yACwYnA/3.mp4,14.366666666666667,decoded_video_pts_span,14.388997,14.388997,14.328005,14.366666666666667,14.327868480725623,0.022330333333332675,0.022330333333332675,-0.038798185941043783,0.0,0.0,0.0,14.333333333333334,0.0,14.304648526077097,431,618,True,True,0,0,0,30/1,30/1,30.0,1280,720,44100,2,29,29,0,0,1.0,43,50,47,47,0.0,50,1.0,0.9422110319137573,1x50x128,1x50x74,1x50x52,ok,eff8cfefba2425155f2b72656829b34b23be8bfe1dcbece384154f56818aa26d,712e72dcd152265ef1998e4dcdc9eb54c183453365d8a0b79d8b05a2779b1383,9fe5cc4c84adfb624d83ebeed3d8ab9c9f408cdf74b41d8706ca965a2de64c8f,6c0a55cbd506aa32daaf71ad6f09c3cae78b4dd0f17576a51c88bba93371bf96,,,ok,punctuation_and_extra_whitespace_normalized
-3g5yACwYnA/2,-3g5yACwYnA,2,-3g5yACwYnA/2.mp4,9.366666666666667,decoded_video_pts_span,9.39401,9.39401,9.230998,9.366666666666667,9.231292517006803,0.02734333333333261,0.02734333333333261,-0.13537414965986372,0.0,0.0,0.0,9.333333333333334,0.0,9.208072562358277,278,398,True,True,0,0,0,30/1,30/1,29.6797153024911,1280,720,44100,2,14,14,0,0,1.0,44,50,43,43,0.0,50,1.0,0.9435510635375977,1x50x128,1x50x74,1x50x52,ok,0619c01f137d017c15c058176f18a575919189c7e81ebd2bfb993afdb86f3de7,9a567c1e0d2aeb8ac4f92bc4747727e627a7d9e191e64d645b84c92cd4c1bf66,3ed14adb291d57a9b43af3575ee6f06ea60586e42d3b05ce0c95f288399afdcd,9797701eff118e3a00979fddefb4834d4c981c411627c4945d673febe8319494,,,ok,punctuation_and_extra_whitespace_normalized
-3g5yACwYnA/9,-3g5yACwYnA,9,-3g5yACwYnA/9.mp4,8.8,decoded_video_pts_span,8.816992,8.816992,8.696009,8.8,8.696145124716553,0.016992000000000118,0.016992000000000118,-0.10385487528344761,0.0,0.0,0.0,8.766666666666667,0.0,8.672925170068027,263,375,True,True,0,0,0,30/1,30/1,29.886363636363633,1280,720,44100,2,23,23,0,0,1.0,41,50,40,40,0.0,50,1.0,0.9384971261024475,1x50x128,1x50x74,1x50x52,ok,b962573b12ed1f06d5533f6427c80dce2bae3a99dd332f6d3fcb32c579f3f016,e61b28d8d8f6338caab0534682c34ef24a3c38f7c701a7ff0d786903f557d02c,99952c6a6fd9d475443c8f4f648777b7156f23bcb8765dbea4d50806ba22eabb,d38b0daa9bbf162712747ad8b9406d75172708684a3b713f78cbee52a715d285,,,ok,punctuation_and_extra_whitespace_normalized
-3nNcZdcdvU/5,-3nNcZdcdvU,5,-3nNcZdcdvU/5.mp4,7.866666666666666,decoded_video_pts_span,7.867969,7.867969,7.788005,7.866666666666666,7.788571428571428,0.0013023333333341824,0.0013023333333341824,-0.078095238095238,0.0,0.0,0.0,7.833333333333333,0.0,7.765351473922903,236,336,True,True,0,0,0,30/1,30/1,30.0,320,240,44100,1,18,18,0,0,1.0,43,50,49,49,0.1377091377091377,50,0.9872881355932204,0.928382158279419,1x50x128,1x50x74,1x50x52,ok,7ea53ad502b77be7d2ee4494dc23a9478c897792203cf887d546e83d584c1728,25e02a4ae78b88513bd558983103960cab2af67c176aa9a6c0d1c8fd79ac4026,20a94ddea1eeb58743726b4f40eb58e7f9fa6c59589ec7d7f06a6219c16594e5,63abe05cf69c6c8e53cd648bb930cb18b369818e3c5ab7074074f3387627f162,,,ok,punctuation_and_extra_whitespace_normalized
-HwX2H8Z4hY/2,-HwX2H8Z4hY,2,-HwX2H8Z4hY/2.mp4,3.9666666666666663,decoded_video_pts_span,3.982031,3.982031,3.916009,3.9666666666666663,3.915827664399093,0.015364333333333757,0.015364333333333757,-0.05083900226757354,0.0,0.0,0.0,3.933333333333333,0.0,3.8926077097505667,119,169,True,True,0,0,0,30/1,30/1,30.000000000000004,1280,720,44100,2,7,7,0,0,1.0,21,50,50,50,0.0,11,0.2184873949579832,0.92351233959198,1x50x128,1x50x74,1x50x52,ok,920a1052c09ebd1eedba6dd1ccfecd80f56f6f0fdcdd1f6dd32b0d90bcb89358,870313316f8bd31d41da54c9d022d7a8506f64372083103c58d7df518ae282ba,3c425dc14ca4eb6762bcf44289def6150ea8d60e89288f74ca0fd3af8acda42c,f6ef193cf94cf618d0089e1420802286dc9e461505670fb5281c4ba2b888aed4,,,ok,bracket_delimiters_removed_but_content_preserved_in_alignment_copy|quotes_and_dashes_canonicalized|punctuation_and_extra_whitespace_normalized
-HwX2H8Z4hY/5,-HwX2H8Z4hY,5,-HwX2H8Z4hY/5.mp4,5.633333333333333,decoded_video_pts_span,5.652995,5.652995,5.543991,5.633333333333333,5.544036281179138,0.01966166666666691,0.01966166666666691,-0.08929705215419492,0.0,0.0,0.0,5.6,0.0,5.520816326530612,168,239,True,True,0,0,0,30/1,30/1,29.822485207100595,1280,720,44100,2,9,9,0,0,1.0,40,50,50,50,0.009057971014492754,17,0.30952380952380953,0.9389362335205078,1x50x128,1x50x74,1x50x52,ok,8d61b7f5840a8bd403d9bc6c3cd49029ffc4e304cf9c7834735c1a6bb5fd369d,20338749afe65e2d266d09268bc962d161b5faf90da84c33e7e1a7591b7c4232,823e99e15c427e2827272a875bf6d35d82403d21e2a39cf9593ea5b66fc26478,e4252a11ea6e4c193d4a2c785bed93eb26a50d99cb0d8bbead410c78486cfd07,,,ok,punctuation_and_extra_whitespace_normalized
-HwX2H8Z4hY/6,-HwX2H8Z4hY,6,-HwX2H8Z4hY/6.mp4,3.333333333333333,decoded_video_pts_span,3.358008,3.358008,3.256009,3.333333333333333,3.2559863945578233,0.024674666666666845,0.024674666666666845,-0.07734693877550969,0.0,0.0,0.0,3.3,0.0,3.2327664399092972,99,141,True,True,0,0,0,30/1,30/1,29.700000000000003,1280,720,44100,2,7,7,0,0,1.0,31,49,49,49,0.0,32,0.6161616161616161,0.935182511806488,1x50x128,1x50x74,1x50x52,ok,696576dcbd0dc42cb678fa40d8a0f0f419a3072bfa7662d653756ab29bba4c46,ae77e93d4a39dcb98c6243f0dd97a500f41d56c05b6d8e146b4b3151f47f49bc,45a2dd220852f379486791e55e257dd6c96a90d6375bdb9661e1c80e2649fa82,6b03d7293368ab3af505ab65f54c53351fa91d7ab50503d5a53f9ba88e294ef9,,,ok,punctuation_and_extra_whitespace_normalized
-HwX2H8Z4hY/9,-HwX2H8Z4hY,9,-HwX2H8Z4hY/9.mp4,7.733333333333333,decoded_video_pts_span,7.733984,7.733984,7.637007,7.733333333333333,7.636326530612244,0.0006506666666670213,0.0006506666666670213,-0.09700680272108908,0.0,0.0,0.0,7.7,0.0,7.613106575963719,232,329,True,True,0,0,0,30/1,30/1,30.0,1280,720,44100,2,22,22,0,0,1.0,47,50,50,50,0.0,0,0.0,0.0,1x50x128,1x50x74,1x50x52,ok,90c18e627f27a12c14e21ba24c79edf3008762b4ac26874b490ad3f888381702,29323d4be4f5834bb80e3f1a011ad73be95567c863669ee0f627fdcb9303149e,fdee80885380c77db2ebfa7a8719d20c19e2dac63dfaa0180f6bbed62bd1944d,ffa30427b5b20d5d9cd45288448520c944eadd5e7b4239865bb25732ff8139f7,low_global_face_coverage|no_reliable_vision_windows,,degraded,punctuation_and_extra_whitespace_normalized
-NFrJFQijFE/1,-NFrJFQijFE,1,-NFrJFQijFE/1.mp4,5.72,decoded_video_pts_span,5.746,5.746,5.659002,5.72,5.658866213151927,0.02600000000000069,0.02600000000000069,-0.0611337868480728,0.0,0.0,0.0,5.68,0.0,5.635646258503401,142,244,True,True,0,0,0,25/1,25/1,24.825174825174827,1280,720,44100,2,16,16,0,0,1.0,20,50,50,50,0.0035460992907801418,0,0.0,0.0,1x50x128,1x50x74,1x50x52,ok,d8fcf16c6eb51c56947ec3d0549c6f3bc7a0cf1fc5f5d89e8b38d4249a08db4f,c7f9c8f643ee02896306cc17c5d6e6d43742701b99911556e3b87901cf58eb78,13e7dea70587d51a0742f18b0bf5ce19c0b73ce03c8b72166f9afe3d06f28c31,5cb9f84de7be694830ea0c7183618c5041a857535e1e2ffd0fa3ac0fcccd449f,low_global_face_coverage|no_reliable_vision_windows,,degraded,punctuation_and_extra_whitespace_normalized
-NFrJFQijFE/2,-NFrJFQijFE,2,-NFrJFQijFE/2.mp4,6.84,decoded_video_pts_span,6.856,6.856,6.698005,6.84,6.698321995464852,0.016000000000000014,0.016000000000000014,-0.141678004535148,0.0,0.0,0.0,6.8,0.0,6.675102040816326,169,289,True,True,0,0,0,25/1,25/1,24.707602339181285,1280,720,44100,2,18,18,0,0,1.0,39,49,49,49,0.020958083832335328,0,0.0,0.0,1x50x128,1x50x74,1x50x52,ok,a54a5c144a64f5abd26b19aafa6cea8142ee08e9385fa508fa70c934f6b616c1,68611415bbbd34a780ff9b24de3cb8c7314a299b0de5d43ec270eeb256c3106d,00e6eba51a9fee1ffb7c975e32c7a5db94128859dd702ec6d02d95fce65251a5,d8eda733655cb8eb099ec974b79d13e6e76065cec079a0bf8b63a308f05b0ee8,low_global_face_coverage|no_reliable_vision_windows,,degraded,punctuation_and_extra_whitespace_normalized
-THoVjtIkeU/12,-THoVjtIkeU,12,-THoVjtIkeU/12.mp4,14.866666666666667,decoded_video_pts_span,14.896029,14.896029,14.805011,14.866666666666667,14.805532879818594,0.029362333333333268,0.029362333333333268,-0.0611337868480728,0.0,0.0,0.0,14.833333333333334,0.0,14.782312925170068,445,638,True,True,0,0,0,30/1,30/1,29.932735426008968,640,360,44100,2,39,39,0,0,1.0,42,50,50,50,0.08451656524678837,50,1.0,0.9236997365951538,1x50x128,1x50x74,1x50x52,ok,e2f148f4f2e74724dc13b3ce870a0ce6a06740cfc224f5a9b3d0a870b196e7d4,815c88e268d068409007ef89568991d9cd9b87baca30db0e5c4634fd6eabdc90,a469045290de357210b647f0ee3441838b9602c261a700023345fd88bbfa8046,288f74a80a71aa5370eb51a976b24665a663f558007c6d8bb111b3389e6257e7,,,ok,punctuation_and_extra_whitespace_normalized
-THoVjtIkeU/2,-THoVjtIkeU,2,-THoVjtIkeU/2.mp4,4.266666666666667,decoded_video_pts_span,4.291992,4.291992,4.23,4.266666666666667,4.230861678004535,0.025325333333332978,0.025325333333332978,-0.03580498866213144,0.0,0.0,0.0,4.233333333333333,0.0,4.2076417233560095,128,183,True,True,0,0,0,30/1,30/1,30.0,640,360,44100,2,10,10,0,0,1.0,37,50,50,50,0.0665083135391924,50,1.0,0.9289079904556274,1x50x128,1x50x74,1x50x52,ok,35a6c2464ffd68dd96411edb5dc2763f0efb59f264c1d8b737e616fa6b0d1d5b,f9ce07ae604245635688c75d9d95d78d610a8fdf808a1a352fd49f57e5260249,9363cf32112c7fbe7a96743451bf1efa1cb6e513810712fda41c4eeb00351e5a,be5c7e6ec5f153b812842fba31de75a74e443a8e37e346ea54d16c8ac990fb75,,,ok,punctuation_and_extra_whitespace_normalized
-THoVjtIkeU/6,-THoVjtIkeU,6,-THoVjtIkeU/6.mp4,8.066666666666666,decoded_video_pts_span,8.097005,8.097005,7.982993,8.066666666666666,7.982879818594104,0.030338333333332912,0.030338333333332912,-0.08378684807256231,0.0,0.0,0.0,8.033333333333333,0.0,7.9596598639455785,241,344,True,True,0,0,0,30/1,30/1,29.87603305785124,640,360,44100,2,30,30,0,0,1.0,45,50,50,50,0.05402010050251256,50,0.995850622406639,0.9223222136497498,1x50x128,1x50x74,1x50x52,ok,efaa55ee6394032c867046690a92c29edfd825005f0a090cca5ccb763b227f64,8cadfe5763b45096e92cf214dbc1f66fbbc2322a92618c3e42aa688066d67944,c18ff003ae0b101bbc35fa08b203f8dbccd1d5f39c16aeabb0a0fd9f6c7e743c,32fa6fe9646957cbd5b036a49f188b6fc3a8d60ef20b131ee5219d8807ff51f7,,,ok,punctuation_and_extra_whitespace_normalized
-UuX1xuaiiE/1,-UuX1xuaiiE,1,-UuX1xuaiiE/1.mp4,10.333333333333334,decoded_video_pts_span,10.35,10.35,10.267007,10.333333333333334,10.26748299319728,0.01666666666666572,0.01666666666666572,-0.06585034013605373,0.0,0.0,0.0,10.3,0.0,10.244263038548754,309,443,True,True,0,0,0,30/1,30/1,29.903225806451612,1280,720,44100,2,27,27,0,0,1.0,43,50,50,50,0.037073170731707315,3,0.045307443365695796,0.9260131120681763,1x50x128,1x50x74,1x50x52,ok,d5bbda38fcec15817d2b87bab5dcc559d6d425f7d28a82e6c32d13f14b48650c,169aad5d0474a9bfdca91c1023d8fcaf40a4233dd6e13b3918f0f644db9a95c9,f3768cfebc0d561be8795c32b735f60d1baa703b040a4c2ee61f8d8d3e482cc4,5be4db71bb0c8f60057d62b6a5c71abacdedcfcb40feddc38cd1cd95619f3bbb,low_global_face_coverage,,degraded,punctuation_and_extra_whitespace_normalized
-UuX1xuaiiE/0,-UuX1xuaiiE,0,-UuX1xuaiiE/0.mp4,3.6999999999999997,decoded_video_pts_span,3.633333,3.633333,3.576009,3.6999999999999997,3.575873015873016,-0.06666699999999981,-0.06666699999999981,-0.12412698412698386,0.0,0.0,0.0,3.6666666666666665,0.0,3.5526530612244898,109,154,True,True,0,0,0,30/1,30/1,29.459459459459463,1280,720,44100,2,9,9,0,0,1.0,42,49,49,49,0.0056179775280898875,24,0.48623853211009177,0.9283347725868225,1x50x128,1x50x74,1x50x52,ok,f578b305d53bc152702f5e771de0fcd12d1e9aaefc5cefce3d2082a417aab7c8,3f3616b66286ffd2412211b8ff1e0f22733186377e7cfe2597678e0f77fa6510,c8f6045139ef8d7b3073854678820c7f40aa3606567c8ca302c5c4de9dffe48a,9c3cc034541cd02fa992b6b018cfb8b0e72bc355b6aea8a23b71f61085f5dc13,,,ok,punctuation_and_extra_whitespace_normalized
-UuX1xuaiiE/3,-UuX1xuaiiE,3,-UuX1xuaiiE/3.mp4,4.1,decoded_video_pts_span,4.130013,4.130013,4.038005,4.1,4.0383673469387755,0.03001300000000029,0.03001300000000029,-0.06163265306122412,0.0,0.0,0.0,4.066666666666666,0.0,4.01514739229025,123,174,True,True,0,0,0,30/1,30/1,30.000000000000004,1280,720,44100,2,9,9,0,0,1.0,39,50,50,50,0.04477611940298507,50,1.0,0.9361699819564819,1x50x128,1x50x74,1x50x52,ok,eddb408f25bdc13e6de2fb74caeed709cb7a8f00640e7897135330437f66a2aa,6aad1f2a6e6ba6d684b5f83fa7007417e2da9bb4f62a0b1d05185e00d7d03b4d,c9459fab2b286de226ec134bf81bfa547c8abcc53b44db58b6d4843b490550b6,04a1e0d0714252ef7809afed65cf121ec39db46d7eb0980e39957613e76ca922,,,ok,punctuation_and_extra_whitespace_normalized
-UuX1xuaiiE/6,-UuX1xuaiiE,6,-UuX1xuaiiE/6.mp4,8.1,decoded_video_pts_span,8.113997,8.113997,7.943991,8.1,7.943832199546485,0.013996999999999815,0.013996999999999815,-0.15616780045351497,0.0,0.0,0.0,8.066666666666666,0.0,7.920612244897959,240,343,True,True,0,0,0,30/1,30/1,29.62962962962963,1280,720,44100,2,22,22,0,0,1.0,39,49,49,49,0.0,50,1.0,0.9278830289840698,1x50x128,1x50x74,1x50x52,ok,f0131ac00e44410fbd32c547a0d421c2791172434fc0203bb969abe14a530532,cf8f587282672d6722bc70b2a4f3d318ebb4c7777ae1bba118290bea8e200820,56f1bc26d54a3ed5fba862e0ec98ffd8d8924ba60f78bd03bd92f28dd5a595a6,082728b36bfc2a720c8d5fb7d6e68f2419fb10caa8667ff818eb998d877285b8,,,ok,punctuation_and_extra_whitespace_normalized
-a55Q6RWvTA/3,-a55Q6RWvTA,3,-a55Q6RWvTA/3.mp4,22.133333333333336,decoded_video_pts_span,22.153971,22.153971,22.083991,22.133333333333336,22.08328798185941,0.020637666666662113,0.020637666666662113,-0.0500453514739263,0.0,0.0,0.0,22.1,0.0,22.060068027210885,664,952,True,True,0,0,0,30/1,30/1,29.999999999999996,480,270,44100,2,65,65,0,0,1.0,48,50,50,50,0.00045330915684496827,48,0.8900602409638554,0.9185317754745483,1x50x128,1x50x74,1x50x52,ok,15d029fc15f50b268b98f1e8abc65e45582e638c13a018d7aa74a18373275946,7c2b4f616d7e90170cb724f31b2499ecb1443f42324f60e27a582f90c40b2a7b,2cd2ddaf319d855a8f0c3db34074c0c38e4eec8280911788ef5ff4b97c12522c,bb00b11d5d585c858e3e1d19e2917890860f92164826dc7bfe57f0104fbaa624,,,ok,punctuation_and_extra_whitespace_normalized
-aNfi7CP8vM/7,-aNfi7CP8vM,7,-aNfi7CP8vM/7.mp4,8.666666666666666,decoded_video_pts_span,8.694987,8.694987,8.538005,8.666666666666666,8.537687074829932,0.02832033333333328,0.02832033333333328,-0.12897959183673358,0.0,0.0,0.0,8.633333333333333,0.0,8.514467120181406,257,368,True,True,0,0,0,30/1,30/1,29.653846153846157,480,360,44100,2,18,18,0,0,1.0,45,50,49,49,0.056338028169014086,50,1.0,0.9272441864013672,1x50x128,1x50x74,1x50x52,ok,0b6389f45bb966113c65a11998c6e7facdd24c8c42acf2e8cf32e0f2139402e1,41597d31281a786b2a89b7838f240eb1ee25abd03773913de1cbc7fe47ae46e5,429dff5671cfeb171e18811b9239481b6faa6e02f96ec2d7e9e5d266c331e401,5a5e0d2ef79323c8374960ff5b52f5ed3957157dfb10c651b2cdc41763e1647d,,,ok,punctuation_and_extra_whitespace_normalized
-aqamKhZ1Ec/0,-aqamKhZ1Ec,0,-aqamKhZ1Ec/0.mp4,11.0,decoded_video_pts_span,10.966667,10.966667,10.89,11.0,10.890158730158731,-0.03333300000000072,-0.03333300000000072,-0.10984126984126874,0.0,0.0,0.0,10.966666666666667,0.0,10.866938775510205,329,469,True,True,0,0,0,30/1,30/1,29.90909090909091,1280,720,44100,2,14,14,0,0,1.0,31,50,50,50,0.006439742410303588,50,1.0,0.9342477917671204,1x50x128,1x50x74,1x50x52,ok,6f6e674bbba4353399e9e7825217f37e6d8ca1adf9675f33cf37106f31c55548,df1755259c0ece246ba4fd21b05e6c5e86f897f50b7472ab872ba1eb8d9d5fcc,b9be192aba2eb27125973822a1f6d38d7625a95936407dc4e0ec1a433ac8426b,84430279d070d4bca8d4207e09e2b4e48a8e9f821d86b059a78042ac440ba4dc,,,ok,punctuation_and_extra_whitespace_normalized
-dxfTGcXJoc/1,-dxfTGcXJoc,1,-dxfTGcXJoc/1.mp4,16.133333333333336,decoded_video_pts_span,16.161003,16.161003,16.019002,16.133333333333336,16.0181179138322,0.027669666666664483,0.027669666666664483,-0.115215419501137,0.0,0.0,0.0,16.1,0.0,15.994897959183673,482,690,True,True,0,0,0,30/1,30/1,29.876033057851235,320,240,44100,2,36,36,0,0,1.0,48,50,50,50,0.025625,50,1.0,0.9260052442550659,1x50x128,1x50x74,1x50x52,ok,b5ffdc98a4a98b8f0aae55dee5fed66a43bcb129f47a250a004c1cc74e572595,9d3a2a591dabd748f08ae91ba1e20d78dfd235d2ee357a8a17ccbdbeda1c3848,d2da891f814a471fda8128a1c52b2ec0e148d375e788ac8d2d4ec2a358ecc2cf,30fe65dddf3a651e315d3cc9ce750176baf6fbc8976d67cf8bc8b2ad9ac89a26,,,ok,quotes_and_dashes_canonicalized|punctuation_and_extra_whitespace_normalized
-dxfTGcXJoc/0,-dxfTGcXJoc,0,-dxfTGcXJoc/0.mp4,20.533333333333335,decoded_video_pts_span,20.5,20.5,20.41,20.533333333333335,20.41034013605442,-0.03333333333333499,-0.03333333333333499,-0.122993197278916,0.0,0.0,0.0,20.5,0.0,20.387120181405894,615,879,True,True,0,0,0,30/1,30/1,29.9512987012987,320,240,44100,2,42,42,0,0,1.0,47,50,48,48,0.01569396763119176,39,0.7788617886178861,0.9249876141548157,1x50x128,1x50x74,1x50x52,ok,04bd0be907fb46c613f926fe1b06bc2c3b30881c293156510baa34a4105ade55,7d3327bf29560cc27d1340134acd5ac5c79f4ab03966776f36261d1f5d874a34,78bc9ed444b89cc6684b689c01d16a5f0017629d67808559bad5cc083223324a,bea4a15857b5b7a73f7a5b45d4315b02a723ed15e73a68f3f95527401566d2bc,,,ok,punctuation_and_extra_whitespace_normalized
-dxfTGcXJoc/2,-dxfTGcXJoc,2,-dxfTGcXJoc/2.mp4,16.666666666666668,decoded_video_pts_span,16.697982,16.697982,16.632993,16.666666666666668,16.633174603174602,0.03131533333333181,0.03131533333333181,-0.03349206349206568,0.0,0.0,0.0,16.633333333333333,0.0,16.609954648526077,500,717,True,True,0,0,0,30/1,30/1,29.999999999999996,320,240,44100,2,35,35,0,0,1.0,48,50,50,50,0.012040939193257074,50,1.0,0.938020646572113,1x50x128,1x50x74,1x50x52,ok,46a5e523b5dd00364c99a3bcbc6fae4c80e1382a84b5b5e681c46eb074ed10f7,93ec5350e86e77749dd5da224557339b50423df7aeccfb763e8af75061a09b12,3344a5f58da2edc8030efa5368952ed294f5c1380fc06eea885081e00703e836,ed78f75cd85f11fb8f66924af08b8c4620db6c541cf516d4368a083a41825cda,,,ok,punctuation_and_extra_whitespace_normalized
-dxfTGcXJoc/6,-dxfTGcXJoc,6,-dxfTGcXJoc/6.mp4,12.733333333333333,decoded_video_pts_span,12.735026,12.735026,12.628005,12.733333333333333,12.6284126984127,0.0016926666666670087,0.0016926666666670087,-0.1049206349206333,0.0,0.0,0.0,12.7,0.0,12.605192743764173,381,544,True,True,0,0,0,30/1,30/1,29.92146596858639,320,240,44100,2,28,28,0,0,1.0,47,50,50,50,0.008723235527359239,50,1.0,0.9239899516105652,1x50x128,1x50x74,1x50x52,ok,55c1ff86729ab21da743a5107ed07b220e41b4193cd1c0ba9f009e65c3ab0513,54e7d8b37cc8da09df128e600ec009087531edca156c771d853f30dde8e5e62b,3cfe25e650da78d1530921ca560eeadc82c4debf3e92e218f4c7529334204750,a4b4c7100002d540691663fb40bb455abb852cc6ea3e3c14ef8bc814d0160f7c,,,ok,quotes_and_dashes_canonicalized|punctuation_and_extra_whitespace_normalized
-egA8-b7-3M/26,-egA8-b7-3M,26,-egA8-b7-3M/26.mp4,6.0,decoded_video_pts_span,6.03099,6.03099,5.92,6.0,5.920544217687074,0.030990000000000073,0.030990000000000073,-0.07945578231292583,0.0,0.0,0.0,5.966666666666667,0.0,5.8973242630385485,179,255,True,True,0,0,0,30/1,30/1,29.833333333333332,640,360,44100,2,15,15,0,0,1.0,39,50,50,50,0.18135593220338983,50,1.0,0.9144203662872314,1x50x128,1x50x74,1x50x52,ok,11f78aed680ea9c5862a15e04ff6c1f8776c46d29c98b68d28773ff39d959685,f7527d1c229b1bd0f948164346c991408104f23fba8e21869d7e2b0a4d9d8d8c,b0d8240a068d8aeb9254a55a0a9d5e5ee787a6b7ddd378a0b23dba7650fec041,df97e59d61c932cd8cff51984de735b71ea3d0d526fac5eb093f130aa4db8801,,,ok,punctuation_and_extra_whitespace_normalized
-egA8-b7-3M/17,-egA8-b7-3M,17,-egA8-b7-3M/17.mp4,7.266666666666667,decoded_video_pts_span,7.271029,7.271029,7.095011,7.266666666666667,7.095215419501133,0.004362333333333801,0.004362333333333801,-0.17145124716553362,0.0,0.0,0.0,7.233333333333333,0.0,7.071995464852607,215,306,True,True,0,0,0,30/1,30/1,29.587155963302752,640,360,44100,2,16,16,0,0,1.0,36,49,49,49,0.2627118644067797,50,1.0,0.9169451594352722,1x50x128,1x50x74,1x50x52,ok,f967e81e0edd51c3700671721afb3fbecbbc32652f27d2db40ea444e8d80c68f,e73c7843d794a30aaebcf05144dcbd9bedc787567e2df4733dce5d1b661d8dd0,bd1fc8cc738ef71d690cc24f40a1ff48b79b9ebb79599352f0ea6be79219cb98,ce248930eea0da004645285cf4d0e74348542f5f268e5480c3908283e6303570,,,ok,punctuation_and_extra_whitespace_normalized
-egA8-b7-3M/18,-egA8-b7-3M,18,-egA8-b7-3M/18.mp4,8.366666666666667,decoded_video_pts_span,8.386003,8.386003,8.266009,8.366666666666667,8.265691609977324,0.0193363333333334,0.0193363333333334,-0.10097505668934303,0.0,0.0,0.0,8.333333333333334,0.0,8.242471655328798,250,356,True,True,0,0,0,30/1,30/1,29.8804780876494,640,360,44100,2,22,22,0,0,1.0,41,50,50,50,0.22424242424242424,50,1.0,0.9170171022415161,1x50x128,1x50x74,1x50x52,ok,fd4bc95a6adfb16a9588b7ed65cc2812186ce3d607804dc76f4486312951ef90,22971d009b8475c4b7206d6761c41dc49131b1c9d18533ebef3c3e61329f2169,d416a27b0afeedc41878cc80002734acbbb3f3f6816a4ee87dbf615784d34620,e994e34709d47172dbbf6f4e1bfed9e351cc882e3df0d569070523d2d4d06e64,,,ok,punctuation_and_extra_whitespace_normalized
-egA8-b7-3M/16,-egA8-b7-3M,16,-egA8-b7-3M/16.mp4,5.533333333333333,decoded_video_pts_span,5.538021,5.538021,5.482993,5.533333333333333,5.482993197278911,0.0046876666666664235,0.0046876666666664235,-0.050340136054422224,0.0,0.0,0.0,5.5,0.0,5.459773242630385,166,237,True,True,0,0,0,30/1,30/1,30.0,640,360,44100,2,11,11,0,0,1.0,42,50,50,50,0.2619047619047619,50,1.0,0.9119784832000732,1x50x128,1x50x74,1x50x52,ok,4c015f85e3bd901ecedde8c0c2ca4a756d9a77dfe4177625c481581f2037ff9c,c53199e615fc2b7d929983d9b38a44f1fef07525979eba43b7d65e501ddbfaf4,cc0f3327e0dc323f01314a8562baa3fcb0cc50b1c376ec44a8511a790c33b209,50b30cefacad4bdceaf6a321b6c023564b00cc09201d8a6cd6ac10fe2f993c5d,,,ok,punctuation_and_extra_whitespace_normalized
-egA8-b7-3M/13,-egA8-b7-3M,13,-egA8-b7-3M/13.mp4,4.166666666666667,decoded_video_pts_span,4.183984,4.183984,4.023991,4.166666666666667,4.023854875283447,0.01731733333333274,0.01731733333333274,-0.1428117913832203,0.0,0.0,0.0,4.133333333333334,0.0,4.000634920634921,123,174,True,True,0,0,0,30/1,30/1,29.52,640,360,44100,2,11,11,0,0,1.0,32,49,49,49,0.205,50,1.0,0.915592610836029,1x50x128,1x50x74,1x50x52,ok,cbd627c225ebca37521ae238cb9ec254cad236822f4f37ebfbb039e6c56aea4c,471664fc31c1ae2b9ed03fd2e06283327aa60a0e64e71cf592c40321fe66b7f4,6f3057828a61e730de49b3ca6cdd59595e9c29e60df5b0af1c3ef7e8a3e5bb20,fd586a9ca2387945c79d37ed3976c198aeeb3b45fc2259cf0961fb5a0fe3f4f0,,,ok,punctuation_and_extra_whitespace_normalized
-egA8-b7-3M/1,-egA8-b7-3M,1,-egA8-b7-3M/1.mp4,10.233333333333333,decoded_video_pts_span,10.266016,10.266016,10.156009,10.233333333333333,10.156213151927439,0.03268266666666797,0.03268266666666797,-0.07712018140589372,0.0,0.0,0.0,10.2,0.0,10.132993197278912,306,438,True,True,0,0,0,30/1,30/1,29.90228013029316,640,360,44100,2,20,20,0,0,1.0,47,50,50,50,0.21992110453648916,50,1.0,0.9165378212928772,1x50x128,1x50x74,1x50x52,ok,589a7989b1b4888568c31614a2d6beefba88fb87289c85b94df2d8051500403b,b6b1046f049304397ef063015e46f6451cb4d1db2595610c1e3c39a7171b5b12,9fd200e397e81990e7f48c2e1ecd69071a59ec0eea7c57411d76b1d073bc57c8,a64c3ab114e673fb1932fc9f8bb6160def34f339176bc5c85b5a423837be73ad,,,ok,punctuation_and_extra_whitespace_normalized
-egA8-b7-3M/6,-egA8-b7-3M,6,-egA8-b7-3M/6.mp4,6.233333333333333,decoded_video_pts_span,6.264974,6.264974,6.182993,6.233333333333333,6.183083900226757,0.031640666666666206,0.031640666666666206,-0.05024943310657637,0.0,0.0,0.0,6.2,0.0,6.159863945578231,187,267,True,True,0,0,0,30/1,30/1,30.0,640,360,44100,2,12,12,0,0,1.0,42,50,50,50,0.24512987012987014,50,1.0,0.9105069637298584,1x50x128,1x50x74,1x50x52,ok,2e88a00d5e55863aa956b4b0949fc0e4f2975ccfd83b3194957f6fca86ecfce0,3c3dcc5132e306849d354d5305115ab7514160bd2be9e4244e8975576811674f,a263a088a6991cd8a2283eddb1166d77e283ff169a64e65b5543589fdebfde1d,5a971019ed75d16fed645e7969ff6825ac3ad20a6f11b667a41b5729dbaae6b2,,,ok,punctuation_and_extra_whitespace_normalized
-egA8-b7-3M/9,-egA8-b7-3M,9,-egA8-b7-3M/9.mp4,5.066666666666666,decoded_video_pts_span,5.089974,5.089974,4.936009,5.066666666666666,4.93609977324263,0.023307333333333347,0.023307333333333347,-0.13056689342403605,0.0,0.0,0.0,5.033333333333333,0.0,4.912879818594105,150,213,True,True,0,0,0,30/1,30/1,29.60526315789474,640,360,44100,2,10,10,0,0,1.0,40,49,49,49,0.23780487804878048,50,1.0,0.9156187176704407,1x50x128,1x50x74,1x50x52,ok,bcd643f328616312eae9b28e6c9aabbe8acaec3e4c4be58daeb45e3eee4d973c,c8c49e1bd27e14e703a0b70988e30b504d2d54b87a784bb6f53ed1b555a15a3d,e2c2e1f4c227a733968c15fa3aeb88b930e448bc677abfd1330e199d32ea2263,19bda77de80830da8e7ce6129cef082ffbfaa075e4783faaea251dfa7dd6638c,,,ok,punctuation_and_extra_whitespace_normalized
-egA8-b7-3M/20,-egA8-b7-3M,20,-egA8-b7-3M/20.mp4,6.633333333333333,decoded_video_pts_span,6.644987,6.644987,6.475011,6.633333333333333,6.474399092970521,0.011653666666667561,0.011653666666667561,-0.15893424036281179,0.0,0.0,0.0,6.6,0.0,6.451179138321995,196,279,True,True,0,0,0,30/1,30/1,29.547738693467338,640,360,44100,2,20,20,0,0,1.0,39,49,49,49,0.11007751937984496,50,1.0,0.9186563491821289,1x50x128,1x50x74,1x50x52,ok,719ef133920e74b3ea33925d2bca0270b062199116867568f88ac83cadcd74e8,949385e5ab29e215f3df7505d4ce7994f1f1a8137f5534408ead71ac5aa774d7,d8ad248c349116c299dcfd63b2ec1c00af3121774fe772a8fa23bd21190c3a0a,4853c33ac5cae7deac27df25ef419c10c6ddeea157222e96e23315e6cfa406a4,,,ok,punctuation_and_extra_whitespace_normalized
-iRBcNs9oI8/3,-iRBcNs9oI8,3,-iRBcNs9oI8/3.mp4,5.6056,decoded_video_pts_span,5.621,5.621,5.538005,5.6056,5.538231292517007,0.015400000000000524,0.015400000000000524,-0.06736870748299317,0.0,0.0,0.0,5.572233333333333,0.0,5.515011337868481,167,239,True,True,0,0,0,30000/1001,30000/1001,29.79163693449408,1280,720,44100,2,8,8,0,0,1.0,39,50,42,42,0.12318840579710146,0,0.0,0.0,1x50x128,1x50x74,1x50x52,ok,39c547acd1a8da2ebc6c6ab008191a5676420398a974cd9611cad087f0ccec50,0586db1db8c849868e3d212be872eeea0ec1ac4fbc0f0df1c341b4a167848381,77970741eef7f5023815b675021c5ce2e7f6c465c61e2601effeb0ff2de6c9a4,e1649409a4347f10b3b209356a1c6716ef47548b8837f4b86dc7be25ce66c4f6,low_global_face_coverage|no_reliable_vision_windows,,degraded,punctuation_and_extra_whitespace_normalized
-iRBcNs9oI8/7,-iRBcNs9oI8,7,-iRBcNs9oI8/7.mp4,4.070733333333333,decoded_video_pts_span,4.104,4.104,4.006009,4.070733333333333,4.005714285714285,0.033266666666667,0.033266666666667,-0.06501904761904775,0.0,0.0,0.0,4.037366666666666,0.0,3.9824943310657597,120,173,True,True,0,0,0,30000/1001,30000/1001,29.47871800330817,1280,720,44100,2,9,9,0,0,1.0,37,50,44,44,0.10776942355889724,0,0.0,0.0,1x50x128,1x50x74,1x50x52,ok,cc7b1c7a06ec41d72007b5c42fb8036f30b66d5cf76e3f093160c22fc5e38081,6648945c8ef69bf74596855a967ac85d2a4fe9f52f746b12a987a4a6d4ab1379,6a9ef7c5b83b9bf6ee35c297161fa415cc92eab36749b1f4d2cea1be14ab5893,7c71dddb917a1b37b840813f4ad3e5250d8476d8eb1a93fd0ae6b662d1473d08,low_global_face_coverage|no_reliable_vision_windows,,degraded,punctuation_and_extra_whitespace_normalized
-iRBcNs9oI8/6,-iRBcNs9oI8,6,-iRBcNs9oI8/6.mp4,2.8695333333333335,decoded_video_pts_span,2.903,2.903,2.820998,2.8695333333333335,2.820408163265306,0.033466666666666534,0.033466666666666534,-0.0491251700680273,0.0,0.0,0.0,2.8361666666666667,0.0,2.79718820861678,85,122,True,True,0,0,0,30000/1001,30000/1001,29.621541249448224,1280,720,44100,2,5,5,0,0,1.0,41,49,46,46,0.1,0,0.0,0.0,1x50x128,1x50x74,1x50x52,ok,030b0b8d8d4ae47799432ab71b66fcc881f077c5b0feef892c1f146dc0a592e3,22d05c3360506311215aeb055109b23b211948d744b1d6da0285bdead53c76c9,e42b6c1f9d8c5605758dbca1c664dbbb8f61dbe0a67025f259c85395ad161f1e,92dcad20082597302436126a5716c680aabf5be9ee5933b28787329ad041b3f5,low_global_face_coverage|no_reliable_vision_windows,,degraded,punctuation_and_extra_whitespace_normalized
-iRBcNs9oI8/9,-iRBcNs9oI8,9,-iRBcNs9oI8/9.mp4,3.4034,decoded_video_pts_span,3.416,3.416,3.373991,3.4034,3.3740589569161,0.012599999999999945,0.012599999999999945,-0.029341043083900065,0.0,0.0,0.0,3.370033333333333,0.0,3.350839002267574,102,146,True,True,0,0,0,30000/1001,30000/1001,29.97002997002997,1280,720,44100,2,5,5,0,0,1.0,28,50,29,29,0.16417910447761194,0,0.0,0.0,1x50x128,1x50x74,1x50x52,ok,352bdcc73d3622d6abac1b09f2039b211d15b9bf7acee66f0b07783c9b7a4c74,64136a91bce07b3b4cf7bad2283ce1e448137faad6752b429f09c0e422a9ec0f,ceb806cf144f436598552944d93e5296d9647c0c1e4ba29a8c044972d5614b0c,953a0070431f955af149503c8998c758f62a4ec241bc853e9df2adcc36ef6745,low_global_face_coverage|no_reliable_vision_windows,,degraded,punctuation_and_extra_whitespace_normalized
-iRBcNs9oI8/8,-iRBcNs9oI8,8,-iRBcNs9oI8/8.mp4,8.074733333333333,decoded_video_pts_span,8.093,8.093,8.026009,8.074733333333333,8.026031746031746,0.01826666666666732,0.01826666666666732,-0.04870158730158636,0.0,0.0,0.0,8.041366666666667,0.0,8.00281179138322,241,346,True,True,0,0,0,30000/1001,30000/1001,29.84618687098026,1280,720,44100,2,21,21,0,0,1.0,43,50,45,45,0.07990012484394507,0,0.0,0.0,1x50x128,1x50x74,1x50x52,ok,72a49e3da2862addcde033bd2fbae957d086533664ca4dcbccd3a851bcd50412,da334712ead9788e259ef2d0facdc611a5f74240dbb2eb23b4f9a6a01a957aed,f8d3df4d657065dfdbfc7c3ee9f2e1cde5f0f5884c7dae23a9ce1dc655299b7a,1ec88896f0e93726e863ae86c6985b40068f08b9c021d3064072472a8af20257,low_global_face_coverage|no_reliable_vision_windows,,degraded,punctuation_and_extra_whitespace_normalized
-lzEya4AM_4/5,-lzEya4AM_4,5,-lzEya4AM_4/5.mp4,7.666666666666667,decoded_video_pts_span,7.675,7.675,7.57,7.666666666666667,7.569705215419501,0.00833333333333286,0.00833333333333286,-0.09696145124716615,0.0,0.0,0.0,7.633333333333334,0.0,7.546485260770975,229,326,True,True,0,0,0,30/1,30/1,29.869565217391305,470,360,44100,2,19,19,0,0,1.0,38,50,50,50,0.009271523178807948,50,1.0,0.9260004758834839,1x50x128,1x50x74,1x50x52,ok,3b74de8d0e66fd754594f05985e5af3480adcc03555f79225d3b727cb4bed043,33502cb65ed401fda7feb7f7ddc500bc9bbb18338352b28ca9ae922bab4407ee,880e67fecc55b919527d9e9494a0e799082cba621255b4192ccec15608ce51eb,cbfa663b2d36022d1b90a703ecf48484f1c13338057b6425466ee6ec26067d25,,,ok,punctuation_and_extra_whitespace_normalized
-lzEya4AM_4/6,-lzEya4AM_4,6,-lzEya4AM_4/6.mp4,14.766666666666666,decoded_video_pts_span,14.791992,14.791992,14.740998,14.766666666666666,14.740340136054423,0.025325333333334754,0.025325333333334754,-0.026326530612243104,0.0,0.0,0.0,14.733333333333333,0.0,14.717120181405896,443,635,True,True,0,0,0,30/1,30/1,30.000000000000004,470,360,44100,2,43,43,0,0,1.0,46,50,50,50,0.004076086956521739,50,0.9841986455981941,0.924062192440033,1x50x128,1x50x74,1x50x52,ok,ff5da5afb551001d58100ed2471caea51c741046d5396957efbf40082307ca18,de2966969700068383ff36f2137a0e96938243fc333cf299bcb727140d5e456d,ba275ed09864e22b60e099c03968862e233b787717ac039ab9a21a873c7d5067,1d4967406ce59b5514bba3a7a25ecb9a98884fdcf3d6cdbbf5a1d8d2ecd9e361,,,ok,punctuation_and_extra_whitespace_normalized
-mJ2ud6oKI8/1,-mJ2ud6oKI8,1,-mJ2ud6oKI8/1.mp4,6.072733333333334,decoded_video_pts_span,6.103,6.103,6.053991,6.072733333333334,6.054512471655328,0.030266666666665998,0.030266666666665998,-0.01822086167800574,0.0,0.0,0.0,6.039366666666667,0.0,6.031292517006802,182,261,True,True,0,0,0,30000/1001,30000/1001,29.97002997002997,1280,720,44100,2,13,13,0,0,1.0,6,50,0,0,0.0,0,0.0,0.0,1x50x128,1x50x74,1x50x52,ok,c8e3acb4ca08679796c4c8cdfcd8c2b3cffc0465015efaffa1eccdb55ff4f45b,e6454083817eb4927b5f949f1cff95bf312ca4511179949da204905168225f21,a4380c3fbcf3c2982323b1f7fda736880fe3f6405ec7a301f6026115ccb9dd5d,3045321d8476852fe9b0f7268f276552762061c570c25bf141d3233108e5aa36,low_global_face_coverage|no_reliable_audio_windows|no_reliable_vision_windows,,degraded,punctuation_and_extra_whitespace_normalized
-mJ2ud6oKI8/2,-mJ2ud6oKI8,2,-mJ2ud6oKI8/2.mp4,5.7057,decoded_video_pts_span,5.731,5.731,5.701995,5.7057,5.701678004535147,0.025299999999999656,0.025299999999999656,-0.0040219954648534895,0.0,0.0,0.0,5.6723333333333334,0.0,5.678458049886621,171,246,True,True,0,0,0,30000/1001,30000/1001,29.97002997002997,1280,720,44100,2,11,0,0,11,1.0,50,50,0,0,0.0,0,0.0,0.0,1x50x128,1x50x74,1x50x52,ok,c41790f8b75f886bd1f5d6d72cbab1985306d0b715e5ae47203f3d0c8a3e7b28,83fa411808263390ddc0d912739ee78afc6997f8e7f05f665db1a173fa65e6c0,5e688a3b0af6abd195f18f773fef9804db3bfe95d963dd3bee2e9c8da88d0389,b9456c428f34f7b4d5a1ea39729ca04c5fbbe1a57c464525af186a7c42a348b6,low_global_face_coverage|mfa_word_alignment_unavailable|no_reliable_audio_windows|no_reliable_vision_windows|text_words_proportional_fallback,,degraded,punctuation_and_extra_whitespace_normalized
-mJ2ud6oKI8/6,-mJ2ud6oKI8,6,-mJ2ud6oKI8/6.mp4,2.2355666666666667,decoded_video_pts_span,2.257,2.257,2.229002,2.2355666666666667,2.2281179138321994,0.021433333333333415,0.021433333333333415,-0.0074487528344673315,0.0,0.0,0.0,2.2022,0.0,2.2048979591836733,67,96,True,True,0,0,0,30000/1001,30000/1001,29.97002997002997,1280,720,44100,2,5,5,0,0,1.0,50,50,50,50,0.0,50,1.0,0.9256708025932312,1x50x128,1x50x74,1x50x52,ok,134a3a4ebbc423760133b0da0e90cfe84d75ea85df3968000afd84153c5d828d,969244d55da4ce684affbb7e9064541d5cb59517e4c030035bb9147c0c39c4e1,74e17edeadf2e50ff6b82b9c3005c1b77309b2ba2b9668b63b2408a7f2e29f17,15510716eb1d4c845738cbca8ced7d4029faef77fda0ad0c831688b867480e14,,,ok,punctuation_and_extra_whitespace_normalized
-mJ2ud6oKI8/9,-mJ2ud6oKI8,9,-mJ2ud6oKI8/9.mp4,7.007,decoded_video_pts_span,7.033,7.033,6.909002,7.007,6.90875283446712,0.02600000000000069,0.02600000000000069,-0.0982471655328796,0.0,0.0,0.0,6.973633333333333,0.0,6.885532879818594,208,298,True,True,0,0,0,30000/1001,30000/1001,29.684601113172544,1280,720,44100,2,22,22,0,0,1.0,50,50,50,50,0.0,50,1.0,0.9283434152603149,1x50x128,1x50x74,1x50x52,ok,df3442f3ed8f894b507923e87e426ae9636790a4a502d00c350a215270cc3e47,54305f866a49809f3ee182a55f08569d5b464bad6250e253df31e5d672f6a45a,15a5b543fef9c19abd03e3c9f2f012f6733eb16ae9fab4bb7e6a003b9076732a,6ef12afd8a915ba2560f359dfbf5b9791013aa9532d6c7885c0be6b7126925f2,,,ok,punctuation_and_extra_whitespace_normalized
-mJ2ud6oKI8/8,-mJ2ud6oKI8,8,-mJ2ud6oKI8/8.mp4,4.170833333333333,decoded_video_pts_span,4.192,4.192,4.171995,4.170833333333333,4.171337868480725,0.021166666666666778,0.021166666666666778,0.0005045351473915716,0.0,0.0,0.0,4.137466666666667,0.0,4.148117913832199,125,180,True,True,0,0,0,30000/1001,30000/1001,29.97002997002997,1280,720,44100,2,11,11,0,0,1.0,50,50,50,50,0.0,50,1.0,0.9302902221679688,1x50x128,1x50x74,1x50x52,ok,6af6614c9838417a48c4817f4dd5bf1e6669eb5f78f983e9a68adc113fcdc7cc,d4b13fe09e6305e4697ee800c774ce0c722fdcaf32a6b1e8578f7a9cd82f7722,e574c893b3d0628cdb7adb80c91a1b69d9e9a4181398a9c6955664cd9fc632a9,870e3caa13c16009497a9f5dba47fea6438b3760545e5eb157cfde2d46f9823d,,,ok,punctuation_and_extra_whitespace_normalized
-mqbVkbCndg/0,-mqbVkbCndg,0,-mqbVkbCndg/0.mp4,6.5,decoded_video_pts_span,6.466667,6.466667,6.385011,6.5,6.385487528344671,-0.033332999999999835,-0.033332999999999835,-0.1145124716553294,0.0,0.0,0.0,6.466666666666667,0.0,6.362267573696145,194,275,True,True,0,0,0,30/1,30/1,29.846153846153847,1280,720,44100,2,14,14,0,0,1.0,40,50,50,50,0.015698587127158554,50,1.0,0.9226206541061401,1x50x128,1x50x74,1x50x52,ok,cdeba953bba30907814acf72f3e35582dec263eaa25bdd922dad7fafe02e4dda,4886731329f73e21da609d52a4995126fc327589843987e791fe29333e569d7f,b5f2d6af3366f9a159a6a8b2c19a2406f77aefa403219e9e3d7fac6ae86d9a24,b6b8261f58cbda9b6f62c60e2621dde08385a13558f646820ae02bb50b5f7dbe,,,ok,quotes_and_dashes_canonicalized|punctuation_and_extra_whitespace_normalized
-t217m2on-s/2,-t217m2on-s,2,-t217m2on-s/2.mp4,5.666666666666667,decoded_video_pts_span,5.686003,5.686003,5.63,5.666666666666667,5.630181405895692,0.0193363333333334,0.0193363333333334,-0.03648526077097536,0.0,0.0,0.0,5.633333333333334,0.0,5.606961451247166,170,243,True,True,0,0,0,30/1,30/1,30.0,480,270,44100,2,12,12,0,0,1.0,34,50,37,37,0.026737967914438502,50,1.0,0.9297605752944946,1x50x128,1x50x74,1x50x52,ok,6713a983112173204502dc5adbb886bc6c38554b4627698611931420c47663a8,93ede572bcf1d2e8771f98af3741cfe9fee483cbcc466599f2d980d18c56cfdd,16baf4621f37b4b8de35b3fde10a7738da6e27b87e53f5b3d06a47f2f4d5c0df,7c32a7e46d09f8b475c64c3486a4dbd325894651acdbcdc5095bbd8ccc8dc776,,,ok,punctuation_and_extra_whitespace_normalized
-t217m2on-s/7,-t217m2on-s,7,-t217m2on-s/7.mp4,17.166666666666668,decoded_video_pts_span,17.183008,17.183008,17.026009,17.166666666666668,17.026349206349206,0.016341333333333097,0.016341333333333097,-0.14031746031746195,0.0,0.0,0.0,17.133333333333333,0.0,17.00312925170068,512,734,True,True,0,0,0,30/1,30/1,29.8252427184466,480,270,44100,2,45,45,0,0,1.0,46,50,44,44,0.024691358024691357,50,1.0,0.9332289695739746,1x50x128,1x50x74,1x50x52,ok,41c76b8a733ecb780d56348f55d00f0ba0c07f44f46e93044e62d876710180b7,19a22c0d66cba1b2c06504c89be57b7866ac4d562509e49b7f5d924df17ac723,e5f91dfe5a691028ee37df8636b44e40cf6c145b355dd61cfb92a61d4a18b258,8bc5d7abb67387cc5a33dbc816707dd4106f3622f36a5870b700742b53e4687a,,,ok,punctuation_and_extra_whitespace_normalized
-tANM6ETl_M/3,-tANM6ETl_M,3,-tANM6ETl_M/3.mp4,6.733333333333333,decoded_video_pts_span,6.758008,6.758008,6.603991,6.733333333333333,6.60360544217687,0.024674666666666845,0.024674666666666845,-0.12972789115646322,0.0,0.0,0.0,6.7,0.0,6.5803854875283445,200,285,True,True,0,0,0,30/1,30/1,29.702970297029704,1280,720,44100,2,22,22,0,0,1.0,43,49,48,48,0.028875379939209727,50,1.0,0.9239342212677002,1x50x128,1x50x74,1x50x52,ok,6d3af064c060dad3816a9e1dfa00101faebd8b7da7d8ceea85b0bc0fca70abd6,0fb1487a1db030bc1349a540dfe269ad4b6234a8517ef4c76699d58b3790f482,c21d49cf9c795f0740824334f9e9e4397f66c93116629a723d3d0c3a1737c1bb,d02de13a9f73b028b425dc009d2739365f15023c747b35ab2533af2617e087c3,,,ok,punctuation_and_extra_whitespace_normalized
-tPCytz4rww/11,-tPCytz4rww,11,-tPCytz4rww/11.mp4,5.466666666666667,decoded_video_pts_span,5.466992,5.466992,5.378005,5.466666666666667,5.378571428571428,0.00032533333333351067,0.00032533333333351067,-0.08809523809523867,0.0,0.0,0.0,5.433333333333334,0.0,5.3553514739229024,164,232,True,True,0,0,0,30/1,30/1,30.0,480,270,44100,2,17,17,0,0,1.0,44,50,50,50,0.0,50,1.0,0.9272553324699402,1x50x128,1x50x74,1x50x52,ok,6dc09d02467baaef67594ff32cffb01f8ed1565cda4c5abd161b8261a51e2e5d,ef5487a0c66656ca7537ab7c2abb81a884fcda53916e17477fbbb13ee2866b14,5dc7d88bcdd2ee1a1c46d1f0615fd991364f8e2204abb5c06a41dd5ef271df69,aeed6365e3c961cce584c5964d6160ad4ef86f2064a9daf59421ae9d9153786c,,,ok,punctuation_and_extra_whitespace_normalized
-tPCytz4rww/10,-tPCytz4rww,10,-tPCytz4rww/10.mp4,4.766666666666667,decoded_video_pts_span,4.788997,4.788997,4.678005,4.766666666666667,4.678798185941043,0.022330333333333563,0.022330333333333563,-0.08786848072562403,0.0,0.0,0.0,4.733333333333333,0.0,4.655578231292517,142,202,True,True,0,0,0,30/1,30/1,29.79020979020979,480,270,44100,2,12,12,0,0,1.0,37,49,49,49,0.0,50,1.0,0.9263467788696289,1x50x128,1x50x74,1x50x52,ok,758183192cbd5f0f20823d26ece3ddee40dec0aadec35247b2495510a53f52f8,8b3c0f6641193f8400a36d92b45c962e0a37fbd4420898a9fefcf678ab03c2c3,9383962a4f267cec6dccfd304e26e633d3a021f2463b5959ea0cbe2398ee2c9c,9b41a7f1f0aded4f79f95f0f4d112f72d4020bb438afa5d5ca12835e202373f8,,,ok,punctuation_and_extra_whitespace_normalized
-tPCytz4rww/12,-tPCytz4rww,12,-tPCytz4rww/12.mp4,11.833333333333334,decoded_video_pts_span,11.863997,11.863997,11.736009,11.833333333333334,11.736190476190476,0.030663666666665534,0.030663666666665534,-0.09714285714285786,0.0,0.0,0.0,11.8,0.0,11.71297052154195,353,506,True,True,0,0,0,30/1,30/1,29.830985915492956,480,270,44100,2,26,26,0,0,1.0,46,50,50,50,0.0,50,1.0,0.9281886219978333,1x50x128,1x50x74,1x50x52,ok,e3c7f9cd67ad2d20fef997696dc278361f97f027db58762e22104e5720d509d5,24411ccb25e27f685a272508b95f404e8565b2ca4276c9b89d954ab8eae63f5f,3f720c55a17004e72b08d19b762cec5880c1440036ab0a2cff457dfbc48d8cc4,64d06d7bac5665966ddb1f28724712e6ddb9e3e16e4c11b41ab635dcf63cd2f7,,,ok,punctuation_and_extra_whitespace_normalized
-tPCytz4rww/16,-tPCytz4rww,16,-tPCytz4rww/16.mp4,7.2,decoded_video_pts_span,7.20599,7.20599,7.139002,7.2,7.139160997732426,0.005989999999999718,0.005989999999999718,-0.060839002267574216,0.0,0.0,0.0,7.166666666666667,0.0,7.1159410430839,216,308,True,True,0,0,0,30/1,30/1,30.0,480,270,44100,2,16,16,0,0,1.0,35,50,50,50,0.0,50,1.0,0.9261026978492737,1x50x128,1x50x74,1x50x52,ok,8b3f82f9628792eebaf8c227becc2ebeba59bb8abb668bcca86e07fb1a992a93,afc1e4ac79ad29e85d002653c46b012c5f3dff9e0037dde1fbe970ede420ce7f,956e1e0993b71b3ad7f5f1234ee483fe3f54dfed04f8501f97dffa2337f7086a,082ed8e48a7359a512b51a16171be71f37d44d0c8f049d9c10bb40169a249ec0,,,ok,punctuation_and_extra_whitespace_normalized
-tPCytz4rww/18,-tPCytz4rww,18,-tPCytz4rww/18.mp4,6.633333333333333,decoded_video_pts_span,6.644987,6.644987,6.569002,6.633333333333333,6.568798185941042,0.011653666666667561,0.011653666666667561,-0.0645351473922906,0.0,0.0,0.0,6.6,0.0,6.545578231292517,199,283,True,True,0,0,0,30/1,30/1,30.000000000000004,480,270,44100,2,16,16,0,0,1.0,41,50,50,50,0.0,50,1.0,0.9272140264511108,1x50x128,1x50x74,1x50x52,ok,eece70451e9c37a4b5f375bf646f66e09113fe3467f35bf1720cc14d986c1776,e00134453f7ba291c80cb13f0e2bf11eb2fd40663d518c0ac33a577a30bbed43,e785a4e5c570412826b1324ae41a97b73b0308096205eacd224f0c790e630edd,83facf9f5aded37266c3ff4b865d4a783c9cb4be6aa94d9b8b45b3e80d96d8c1,,,ok,punctuation_and_extra_whitespace_normalized
-vxjVxOeScU/4,-vxjVxOeScU,4,-vxjVxOeScU/4.mp4,9.1,decoded_video_pts_span,9.127018,9.127018,9.037007,9.1,9.037052154195012,0.027017999999999986,0.027017999999999986,-0.06294784580498813,0.0,0.0,0.0,9.066666666666666,0.0,9.013832199546485,272,390,True,True,0,0,0,30/1,30/1,29.89010989010989,480,360,44100,2,21,21,0,0,1.0,49,50,50,50,0.007760532150776054,50,1.0,0.9293860197067261,1x50x128,1x50x74,1x50x52,ok,00282df9a314394f19d616d561bd1916d1d30dca4c814dfb43630ca164f4c719,07485d35e10f68d0508013744ddc40d3db5896acf89a0e650b47d485c7a2bf8f,40f9b7eca271db7317588a8dddd04a60bd12585e1ab060abbab660e6f6623416,fc8ff695325e5d70b03c9f27c0dbb24cbe1edd8b450b9c24b69a8494225653a7,,,ok,punctuation_and_extra_whitespace_normalized
-wMB_hJL-3o/7,-wMB_hJL-3o,7,-wMB_hJL-3o/7.mp4,6.033333333333333,decoded_video_pts_span,6.04401,6.04401,5.976009,6.033333333333333,5.975578231292516,0.01067666666666689,0.01067666666666689,-0.05775510204081691,0.0,0.0,0.0,6.0,0.0,5.952358276643991,181,258,True,True,0,0,0,30/1,30/1,30.0,480,360,44100,2,22,22,0,0,1.0,39,50,49,49,0.0,49,0.9668508287292817,0.9289249181747437,1x50x128,1x50x74,1x50x52,ok,04a73d73fd150b07edab8e652fd14c9cb4a0f6e017ea97b17e8146e377b9fae7,a9904944fab179a1ec1762118fc89edb899975b88c94d0daa150236070456891,d64ce5df90417b41e26ff4435308ec2423199a91de22609f1c62c8df653e9f2c,214bbffc4f6f95fbdaa51e25edf1749ce3fdb7dd59622feb58f09c81f0fa3b69,,,ok,punctuation_and_extra_whitespace_normalized
-wny0OAz3g8/1,-wny0OAz3g8,1,-wny0OAz3g8/1.mp4,6.833333333333333,decoded_video_pts_span,6.84401,6.84401,6.776009,6.833333333333333,6.776553287981859,0.01067666666666689,0.01067666666666689,-0.056780045351474406,0.0,0.0,0.0,6.8,0.0,6.753333333333333,205,292,True,True,0,0,0,30/1,30/1,30.0,1280,720,44100,2,22,22,0,0,1.0,44,50,50,50,0.21301775147928995,19,0.22439024390243903,0.9260404706001282,1x50x128,1x50x74,1x50x52,ok,c5535859f129ce04da5f5b5104d02d4168057b9d947a5349d423278ad4f3d8e8,806e71cc4ff7e26520111a4c53f28bc2ef51068384c6dfa36882291eb8adee13,a44200aa8f376c195590cdc2d8907433b271e9b67ea89f4fdb8744efcd2ad3ca,d2450924e426c311d8d7ff2ffb4198c3c8056bf12d06e52e7047879812d7e620,,,ok,quotes_and_dashes_canonicalized|punctuation_and_extra_whitespace_normalized
-wny0OAz3g8/0,-wny0OAz3g8,0,-wny0OAz3g8/0.mp4,3.333333333333333,decoded_video_pts_span,3.333333,3.333333,3.273991,3.333333333333333,3.274013605442177,-3.333333329358368e-07,-3.333333329358368e-07,-0.05931972789115614,0.0,0.0,0.0,3.3,0.0,3.250793650793651,100,141,True,True,0,0,0,30/1,30/1,30.000000000000004,1280,720,44100,2,9,9,0,0,1.0,41,49,49,49,0.24307692307692308,42,0.83,0.9270778894424438,1x50x128,1x50x74,1x50x52,ok,1cc21b4432e2f4b592284ee40558a18acc7d208019117aebdb2f6a1b67ea198d,8bd9d6b656b2649486fbc5df2fa2ce9b68d5777115be4911118cec92101bb199,1e07c109bb7a2b8db142d11b0fa9e286f2c10dcab76ef211ab0c1ae46ed51f9a,35b0cddfd61aef6de8a872b3e92cfd5ca975e61c8884ee4c147a347892afa956,,,ok,quotes_and_dashes_canonicalized|punctuation_and_extra_whitespace_normalized
-wny0OAz3g8/3,-wny0OAz3g8,3,-wny0OAz3g8/3.mp4,6.133333333333333,decoded_video_pts_span,6.146029,6.146029,6.1,6.133333333333333,6.099863945578231,0.012695666666667549,0.012695666666667549,-0.033469387755102,0.0,0.0,0.0,6.1,0.0,6.076643990929705,184,263,True,True,0,0,0,30/1,30/1,30.000000000000004,1280,720,44100,2,20,20,0,0,1.0,45,50,50,50,0.16776315789473684,11,0.18478260869565216,0.9249850511550903,1x50x128,1x50x74,1x50x52,ok,ea917c506bc9fa39460f2b722f7c416f646312bb17cd74baa618905b54837bce,31c961a5a7a4e4fc3ee09a751eceda824a65d01a585081f579cdf07fd1b3a07c,5cc48122541ab62492830bd921634b240ae0ef201ea34e56bd744e961a45ea58,58e4732814e57a9156d344342922359e5c872331755037954a8f420a389fcafe,low_global_face_coverage,,degraded,punctuation_and_extra_whitespace_normalized
-wny0OAz3g8/2,-wny0OAz3g8,2,-wny0OAz3g8/2.mp4,6.666666666666667,decoded_video_pts_span,6.686979,6.686979,6.522993,6.666666666666667,6.522698412698412,0.020312333333333044,0.020312333333333044,-0.14396825396825452,0.0,0.0,0.0,6.633333333333334,0.0,6.499478458049887,197,281,True,True,0,0,0,30/1,30/1,29.549999999999997,1280,720,44100,2,23,23,0,0,1.0,43,49,49,49,0.20307692307692307,42,0.8324873096446701,0.9243791103363037,1x50x128,1x50x74,1x50x52,ok,1825fb37db2e914fb616cd80aebd613afd873eecb7edd4d0b53158bfda0e522a,816ef9842f16911c39aaf3451d7f49b0ee47c08a9c33927d23e2d717d8c8d4c1,113dbe268d4c55547bf77aadc68d424ea90f6dd226f9ec107ac21cfff3c02087,e97d4a62f8cf000de2a8f5ed18a548f3a577c8a8e6d823ad69fc96b98c3f615a,,,ok,quotes_and_dashes_canonicalized|punctuation_and_extra_whitespace_normalized
-wny0OAz3g8/5,-wny0OAz3g8,5,-wny0OAz3g8/5.mp4,6.8999999999999995,decoded_video_pts_span,6.911979,6.911979,6.740998,6.8999999999999995,6.741405895691609,0.011979000000000184,0.011979000000000184,-0.15859410430839027,0.0,0.0,0.0,6.866666666666666,0.0,6.7181859410430835,204,291,True,True,0,0,0,30/1,30/1,29.56521739130435,1280,720,44100,2,20,20,0,0,1.0,43,49,49,49,0.11607142857142858,11,0.1715686274509804,0.9288715720176697,1x50x128,1x50x74,1x50x52,ok,6c6a8a4cba654b25190ab1793bfae81c3d2159ecd6cbc02d3fcbd598543acce0,f7af471c22986d1e43680e6edd109380efb196032b88bd5743f8cfd3838acc9c,f13046219e03581d742bb4f5c02a6eefdcf2d1e4c76542c2880bd340be7bb860,9cb70e3916ca594551b68cba98658291d3010a783b4ea95320635eec72c6b370,low_global_face_coverage,,degraded,quotes_and_dashes_canonicalized|punctuation_and_extra_whitespace_normalized
-wny0OAz3g8/7,-wny0OAz3g8,7,-wny0OAz3g8/7.mp4,8.066666666666666,decoded_video_pts_span,8.067969,8.067969,7.910998,8.066666666666666,7.9104988662131515,0.0013023333333332943,0.0013023333333332943,-0.15616780045351497,0.0,0.0,0.0,8.033333333333333,0.0,7.887278911564626,240,341,True,True,0,0,0,30/1,30/1,29.75206611570248,1280,720,44100,2,29,29,0,0,1.0,44,49,49,49,0.155893536121673,18,0.19166666666666668,0.920258641242981,1x50x128,1x50x74,1x50x52,ok,cbf9cac1048ce191aef781d0c4563eb97f9f3ddd52eb1f9551fa78d31d70e7cd,576fe98e6d9ae925ef673984784e4f642758a4f80ab33ed0681eaa028d12ce2d,6301add52a6c406adbfcedfb648d0d84d4fb2c756c1074959ace69219ba64920,b84e35ce57747fcce1d40c4de95c416ad8204886c946f2f340fe028dd30988f8,low_global_face_coverage,,degraded,punctuation_and_extra_whitespace_normalized
-wny0OAz3g8/9,-wny0OAz3g8,9,-wny0OAz3g8/9.mp4,6.2,decoded_video_pts_span,6.213021,6.213021,6.042993,6.2,6.043492063492063,0.013021000000000171,0.013021000000000171,-0.15650793650793737,0.0,0.0,0.0,6.166666666666667,0.0,6.020272108843537,183,261,True,True,0,0,0,30/1,30/1,29.516129032258064,1280,720,44100,2,20,20,0,0,1.0,41,49,49,49,0.16279069767441862,48,0.9234972677595629,0.9264212250709534,1x50x128,1x50x74,1x50x52,ok,b76f70fe783ee76bf1b637137226c98e67d13a6b15ec725894175b36cd76a136,1380828bbabe9e2b641e0a0beba56a540371159249a5e9a340f0642c4beff652,8c2611051b7548da3fef37ecd53d405f43601bf5d450379e0ecd5d219a1af96d,61d8b0a9696edd292dbc7c1fa54e385d0bdf20815634093d51b4700287da2bc6,,,ok,punctuation_and_extra_whitespace_normalized
-571d8cVauQ/0,-571d8cVauQ,0,-571d8cVauQ/0.mp4,5.166666666666667,decoded_video_pts_span,5.066667,5.066667,4.991995,5.166666666666667,4.992290249433106,-0.09999966666666715,-0.09999966666666715,-0.17437641723356112,0.0,0.0,0.0,5.133333333333334,0.0,4.96907029478458,152,215,True,True,0,0,0,30/1,30/1,29.419354838709676,486,360,44100,2,12,12,0,0,1.0,34,49,42,42,0.004024144869215292,49,0.9671052631578947,0.9296250343322754,1x50x128,1x50x74,1x50x52,ok,defc62e1530d9b0cd27f2acfe042b71dd84d7e8c85f1df261f04912091976088,49b0ec7c4f7d0c9e8f0f6e632cba20d13cf24d8bce87dca37fd978ec16e0cac0,26b95c862f7493eb7d0908436be09ff707242d0345f1246cd0b26188d7220671,e711345422b839fcdde31f19bb6c6bca8ab45448d1ba733ec1478b49494d3658,,,ok,punctuation_and_extra_whitespace_normalized
-571d8cVauQ/5,-571d8cVauQ,5,-571d8cVauQ/5.mp4,15.266666666666666,decoded_video_pts_span,15.272982,15.272982,15.115011,15.266666666666666,15.115260770975057,0.006315333333335005,0.006315333333335005,-0.15140589569160845,0.0,0.0,0.0,15.233333333333333,0.0,15.09204081632653,455,651,True,True,0,0,0,30/1,30/1,29.803493449781662,486,360,44100,2,43,43,0,0,1.0,48,50,50,50,0.009933774834437087,50,1.0,0.9283231496810913,1x50x128,1x50x74,1x50x52,ok,e304c03fac1f477823fe0926c4fb421b9c4e4091f85718b729afe856c24a7d3e,ac1a471c274eccee950a984abf599465e4a8218ce2d2eb216308e0d487986153,996b763580af7886a82c3b39786c2b3e911b956f96be5660266d54c33900dcc2,085a2df8343366c3af022bb68d3a48c7226fd4af25ddf3310fc3e25fac7e3bc7,,,ok,punctuation_and_extra_whitespace_normalized
-I_e4mIh0yE/1,-I_e4mIh0yE,1,-I_e4mIh0yE/1.mp4,7.6,decoded_video_pts_span,7.622005,7.622005,7.443991,7.6,7.444308390022675,0.022005000000000052,0.022005000000000052,-0.15569160997732467,0.0,0.0,0.0,7.566666666666666,0.0,7.421088435374149,225,321,True,True,0,0,0,30/1,30/1,29.60526315789474,640,360,44100,2,18,18,0,0,1.0,41,49,48,48,0.0,50,1.0,0.930156409740448,1x50x128,1x50x74,1x50x52,ok,8453a966d4bd1f0179eb86a35cd34c0864a3a3bc2fa86f37783060cc0d14f5df,a835f019481fedf7cebcc937260a6d1a1c0aa62fedb7bb31f6189c3494855a3f,1ff3092f71e8060c930849e1226339022e666caf2903fecf2702330b47b682fe,d29cc72e74ee9bc3fb20b5efd6a805ff3ff17db3d0729987dd2e8b7312294f94,,,ok,punctuation_and_extra_whitespace_normalized
-I_e4mIh0yE/3,-I_e4mIh0yE,3,-I_e4mIh0yE/3.mp4,9.133333333333333,decoded_video_pts_span,9.163021,9.163021,8.995011,9.133333333333333,8.99437641723356,0.029687666666667667,0.029687666666667667,-0.13895691609977234,0.0,0.0,0.0,9.1,0.0,8.971156462585034,271,388,True,True,0,0,0,30/1,30/1,29.67153284671533,640,360,44100,2,22,22,0,0,1.0,45,50,50,50,0.006688963210702341,50,1.0,0.9297394156455994,1x50x128,1x50x74,1x50x52,ok,a015f02ae51d74c42ad27e2a0831263a303f0658ac8d984819e27ad61342b23e,7d8822bcb1971957c123c423879a949a2a575f99231b29ba24d114928d105df4,1f8a4b8eb1a60e88109363ebba1c0d1f3834afe68df5f54433189aa30aebbc59,b223387a5d1cfd0cd660e726d59d474c29aa22637974fd53517b95088596cac9,,,ok,punctuation_and_extra_whitespace_normalized
-UacrmKiTn4/10,-UacrmKiTn4,10,-UacrmKiTn4/10.mp4,7.333333333333333,decoded_video_pts_span,7.361979,7.361979,7.241995,7.333333333333333,7.24204081632653,0.02864566666666679,0.02864566666666679,-0.09129251700680285,0.0,0.0,0.0,7.3,0.0,7.2188208616780045,218,312,True,True,0,0,0,30/1,30/1,29.72727272727273,470,360,44100,2,18,18,0,0,1.0,43,50,45,45,0.00554016620498615,50,1.0,0.9329674243927002,1x50x128,1x50x74,1x50x52,ok,00312e0602dbeac970de5d7dd0e8a970e514fe45d7fe6625b4f454b299e36360,080c828e034c927692ef91001ae21767ffb69d941fdd61059e921a40d551ddb6,cd3986dd5199af0dd0acd7b04c73bd2861cba5d3b5ec536d535d25045523baa2,1a8508ab35933b5a76b4e7426b6c7bacf5ff87e73e70edb04410965929efd00a,,,ok,punctuation_and_extra_whitespace_normalized
-UacrmKiTn4/4,-UacrmKiTn4,4,-UacrmKiTn4/4.mp4,4.733333333333333,decoded_video_pts_span,4.741016,4.741016,4.680998,4.733333333333333,4.681927437641723,0.0076826666666667265,0.0076826666666667265,-0.05140589569161058,0.0,0.0,0.0,4.7,0.0,4.658707482993197,142,202,True,True,0,0,0,30/1,30/1,30.0,470,360,44100,2,14,14,0,0,1.0,40,50,50,50,0.004291845493562232,50,1.0,0.9364281296730042,1x50x128,1x50x74,1x50x52,ok,a7f2ab0d6ee2e2a2d5cd4239f03e6cac67c618ddb744891323df3ff87e29af84,2e6d46428e9a15b789080e08285b6ddd1540d7ed8d3f75b114e44dff45c3edc8,ed7210d23979ac3f1615965d29975b2652340eaf7aa2f037b2413f228071b562,505f21a7becdb4bbdd4bcb83a78ac7b4f55fa3f10022a977c33939c663e1e9dc,,,ok,punctuation_and_extra_whitespace_normalized
-hnBHBN8p5A/7,-hnBHBN8p5A,7,-hnBHBN8p5A/7.mp4,7.3406666666666665,decoded_video_pts_span,7.372,7.372,7.308005,7.3406666666666665,7.308571428571428,0.031333333333333435,0.031333333333333435,-0.03209523809523862,0.0,0.0,0.0,7.298955555555556,0.0,7.285351473922902,176,315,True,True,0,0,0,24000/1001,24000/1001,23.976023976023978,1280,720,44100,2,13,13,0,0,1.0,34,50,50,50,0.02606310013717421,0,0.0,0.0,1x50x128,1x50x74,1x50x52,ok,0ec6fb76226315d3fafbb483e3500e60cc8a6729617b10e4b4b76163595080fb,fcfeba6c81af0c986f873bdf51362176655c8db6b86e37943eabd03059e96920,684002f332dedd9d7a9c62161e587bc88bbd175a21a13da9b2e0c50304fc860a,5a0f581887cf42490b913fd47c8fd97014546ac6f8993db02a07125d90c476fd,low_global_face_coverage|no_reliable_vision_windows,,degraded,quotes_and_dashes_canonicalized|punctuation_and_extra_whitespace_normalized
-hnBHBN8p5A/6,-hnBHBN8p5A,6,-hnBHBN8p5A/6.mp4,6.381366666666667,decoded_video_pts_span,6.401,6.401,6.332993,6.381366666666667,6.332789115646258,0.01963333333333317,0.01963333333333317,-0.04857755102040873,0.0,0.0,0.0,6.339666666666667,0.0,6.309569160997732,153,273,True,True,0,0,0,24660000/1028527,24660000/1028527,23.976055285962776,1280,720,44100,2,13,13,0,0,1.0,32,50,50,50,0.020602218700475437,2,0.013071895424836602,0.9049115180969238,1x50x128,1x50x74,1x50x52,ok,997f6808ac3973ddd71800e91c8e10755c10b5037186d84348a79e00d672fdc7,ae7dfc2b5421b5fd9c34ddfdeaad67cdd741b145260c6b27a72db288a986bfd7,c7b01b49a14aea01d4bd60af3b7fad487c061a8399ec0d669b3454c16c136ab5,4471a849514e78773f90140e57da86d1c7f1a919b4cb0cb0c6a814e1e01ac710,low_global_face_coverage,,degraded,punctuation_and_extra_whitespace_normalized
-qDkUB0GgYY/6,-qDkUB0GgYY,6,-qDkUB0GgYY/6.mp4,4.666666666666667,decoded_video_pts_span,4.677995,4.677995,4.613991,4.666666666666667,4.614648526077097,0.011328333333333163,0.011328333333333163,-0.05201814058956966,0.0,0.0,0.0,4.633333333333334,0.0,4.591428571428572,140,199,True,True,0,0,0,30/1,30/1,29.999999999999996,360,360,44100,1,16,16,0,0,1.0,36,50,50,50,0.12854030501089325,50,1.0,0.9455664753913879,1x50x128,1x50x74,1x50x52,ok,ab19bf4a761d3919b7113b1104ccaadbbf0c4e7b45694904d094280a2c329c8b,e4e264397aab5e350df91044617665847e7b12c251182a6a06b51f5a177d0de2,0e859d9d3621c82ed144a9d54802509ff61bcfd99b5b3e7a3351040ef65313de,1671cfe6da8522d22b4ca39a5b47a9688c88f8fe79e37be6cd70eba8664ba23a,,,ok,punctuation_and_extra_whitespace_normalized
-uywlfIYOS8/4,-uywlfIYOS8,4,-uywlfIYOS8/4.mp4,6.033333333333333,decoded_video_pts_span,6.044987,6.044987,5.881995,6.033333333333333,5.881088435374149,0.011653666666666673,0.011653666666666673,-0.15224489795918394,0.0,0.0,0.0,6.0,0.0,5.857868480725624,179,254,True,True,0,0,0,30/1,30/1,29.66850828729282,480,270,44100,2,18,18,0,0,1.0,45,49,49,49,0.1825938566552901,50,1.0,0.9293498396873474,1x50x128,1x50x74,1x50x52,ok,fde46f5222cf5cfec7af9c93214c972ce2d686b0bf9c90a291021601968986f9,0c7cf38051c0a50007c09cb8892ddd2d6e541917e522382f1bb41e8e6fd9b29c,e105fd198401eabb63d87759a38879d24987be5783eb6728742a93accb5ce677,e9fb9710152fb23974ebbdf22ec7001196e0db3998a8c777f62093e0e78f035b,,,ok,punctuation_and_extra_whitespace_normalized
-6rXp3zJ3kc/8,-6rXp3zJ3kc,8,-6rXp3zJ3kc/8.mp4,12.8,decoded_video_pts_span,12.805013,12.805013,12.738005,12.8,12.737981859410432,0.005012999999999934,0.005012999999999934,-0.06201814058956856,0.0,0.0,0.0,12.766666666666667,0.0,12.714761904761906,384,549,True,True,0,0,0,30/1,30/1,30.0,480,270,44100,2,34,34,0,0,1.0,45,50,50,50,0.0,50,1.0,0.9294335842132568,1x50x128,1x50x74,1x50x52,ok,59b77a0f873b7fa95e7327b93d64bb5a4bdae84039321988ef70bba8e63ee1ae,39a6e9ea6a0468135e2aa844662706476dbac892fc7dadc23ab3c4676d497997,a210a1b8d14b89b9e30cdd9da64b0ea61ae48949aeeb626a556f07ef3a8565a0,15768f4a8140f09c581db43c7a6be4d6e6d8d4a4f61a621eae458f1050ce233d,,,ok,punctuation_and_extra_whitespace_normalized
-9y-fZ3swSY/0,-9y-fZ3swSY,0,-9y-fZ3swSY/0.mp4,6.8999999999999995,decoded_video_pts_span,6.833333,6.833333,6.757007,6.8999999999999995,6.757006802721088,-0.06666699999999981,-0.06666699999999981,-0.14299319727891113,0.0,0.0,0.0,6.866666666666666,0.0,6.733786848072563,205,291,True,True,0,0,0,30/1,30/1,29.710144927536234,1280,720,44100,2,22,22,0,0,1.0,44,49,49,49,0.28486646884273,50,1.0,0.9331081509590149,1x50x128,1x50x74,1x50x52,ok,29a1fd181293cdbe24e50edcad51e3cc0f27a5824d840bcc39d453b272fb6e3c,8daded139555414274617486f242853cdc6b6e172a4a7fb9d48babe7f3a229d2,4b1d1c9ad8bbaa555a98167888c83392c698f923975cea159f78b0088520fbd1,bd48afec2ac506e52bdbb9f0a4cc93205ab54bb0ef1bf20ec02402b4688f59bf,,,ok,quotes_and_dashes_canonicalized|punctuation_and_extra_whitespace_normalized
-9y-fZ3swSY/4,-9y-fZ3swSY,4,-9y-fZ3swSY/4.mp4,2.8,decoded_video_pts_span,2.821029,2.821029,2.665011,2.8,2.664807256235828,0.021028999999999964,0.021028999999999964,-0.135192743764172,0.0,0.0,0.0,2.7666666666666666,0.0,2.6415873015873017,81,115,True,True,0,0,0,30/1,30/1,28.92857142857143,1280,720,44100,2,9,9,0,0,1.0,41,48,48,48,0.20075757575757575,46,0.9135802469135802,0.9349307417869568,1x50x128,1x50x74,1x50x52,ok,fe04a26710e85c58bdaad5a48618c7e0f742d82b0d920eb4a046c8f14a6921dc,4921f2125b99e4910010dff787b8c2de2eaa03cfa6882ae2f3751b02e8ae1132,13117bb261b4c8d9862c1b8573b44e7b524309ea61703aa858754f5eab73a5b6,e890d73dc4a0cfd1ba28b54bd9477b8169401fc587ec73a8484690913462593f,,,ok,quotes_and_dashes_canonicalized|punctuation_and_extra_whitespace_normalized
-9y-fZ3swSY/8,-9y-fZ3swSY,8,-9y-fZ3swSY/8.mp4,4.966666666666667,decoded_video_pts_span,4.988997,4.988997,4.917007,4.966666666666667,4.917006802721088,0.022330333333333563,0.022330333333333563,-0.0496598639455792,0.0,0.0,0.0,4.933333333333334,0.0,4.893786848072562,149,212,True,True,0,0,0,30/1,30/1,30.0,1280,720,44100,2,12,12,0,0,1.0,38,50,50,50,0.11224489795918367,22,0.2751677852348993,0.9211359024047852,1x50x128,1x50x74,1x50x52,ok,6140d031e614b62a5d8df73346fef2417c28cee3501310aa95aa40d358b4b256,b4cd164847de96c1969df5807ec437c12b0c2f38c810ec705fb20d04f9920748,6628b71614a322a2a4848d710fa93056ddcffdf083b1605bacd1626cd35271d8,f453ab10c1d08ee95128b71d6d309645c1e7a0767991111900c9a770087b76fe,,,ok,quotes_and_dashes_canonicalized|punctuation_and_extra_whitespace_normalized
-AUZQgSxyPQ/2,-AUZQgSxyPQ,2,-AUZQgSxyPQ/2.mp4,22.5,decoded_video_pts_span,22.511003,22.511003,22.405011,22.5,22.404535147392288,0.011002999999998764,0.011002999999998764,-0.0954648526077122,0.0,0.0,0.0,22.466666666666665,0.0,22.381315192743763,674,965,True,True,0,0,0,30/1,30/1,29.955555555555556,1280,720,44100,2,41,41,0,0,1.0,46,50,50,50,0.005361930294906166,50,1.0,0.9287705421447754,1x50x128,1x50x74,1x50x52,ok,e09034b30bb4f8fb9f9c2568afc20f2a764e327fe6ef4e13f21804eaac51bb7b,7ef0dea8f3e5b11dd7a39b3025efbb9eb8407a3d6af52c32d6136a08f9bf6b4d,877aaed76540e33ce45a04a0bfabaa354e04df4427aebead32cacdde3126f110,659f2220764a15e20294f207205ed68f66a50b71098c25ad4303ddc9c7a47115,,,ok,punctuation_and_extra_whitespace_normalized
-HeZS2-Prhc/2,-HeZS2-Prhc,2,-HeZS2-Prhc/2.mp4,8.233333333333333,decoded_video_pts_span,8.261979,8.261979,8.150998,8.233333333333333,8.150861678004535,0.02864566666666768,0.02864566666666768,-0.08247165532879741,0.0,0.0,0.0,8.2,0.0,8.127641723356009,246,352,True,True,0,0,0,30/1,30/1,29.87854251012146,360,360,44100,1,16,16,0,0,1.0,42,50,50,50,0.21279212792127922,50,1.0,0.9408780336380005,1x50x128,1x50x74,1x50x52,ok,edb0fa22fdfbd990c8174764af78670bd2ecad799240d35d96a1124a3cd9dc0c,6dc125fe06532c0e06a303055f9a1fe9bdeebe3b9111f005e075f421173705e1,84f705e1b35f8dfc27ca80324de13c8fb5a338df85c6aba09fbe2892f1896edc,987f8fe379b88fc67d3b3442af6226421396e7e59f9c0aaef0aa0258d72b70b2,,,ok,punctuation_and_extra_whitespace_normalized
-MeTTeMJBNc/0,-MeTTeMJBNc,0,-MeTTeMJBNc/0.mp4,9.333333333333334,decoded_video_pts_span,9.3,9.3,9.218005,9.333333333333334,9.218321995464853,-0.033333333333333215,-0.033333333333333215,-0.11501133786848072,0.0,0.0,0.0,9.3,0.0,9.195102040816327,279,397,True,True,0,0,0,30/1,30/1,29.892857142857142,470,360,44100,2,21,21,0,0,1.0,41,50,48,48,0.004347826086956522,50,0.996415770609319,0.9287243485450745,1x50x128,1x50x74,1x50x52,ok,54e2097f7bdb455d243e72254e5af7ed16160739f2f3cfd22f57d2729ec1acbe,0e8330093e5687d8131dd3e48c2a8356fafc686e0a3d1b89865ca25af1b268fd,12b36a2c2bce2cd2af373d352966e4ca58e7a6642a0bb80f8b1e63ac03eb48a1,0b36914bfc69cec1a45e728bf8d518c8342393df0370e32fe3543c599edeb6b3,,,ok,punctuation_and_extra_whitespace_normalized
-MeTTeMJBNc/13,-MeTTeMJBNc,13,-MeTTeMJBNc/13.mp4,5.3999999999999995,decoded_video_pts_span,5.430013,5.430013,5.255011,5.3999999999999995,5.255510204081633,0.03001300000000029,0.03001300000000029,-0.14448979591836686,0.0,0.0,0.0,5.366666666666666,0.0,5.232290249433107,159,227,True,True,0,0,0,30/1,30/1,29.444444444444446,470,360,44100,2,14,14,0,0,1.0,42,49,48,48,0.04007633587786259,50,1.0,0.9274725914001465,1x50x128,1x50x74,1x50x52,ok,80c5d996e5d7b61c58e1fe32d706efcaf80c8c8cddb5c37a5c66d527786c2a44,488ee87fc25d22cc78cfb874782372dc2dab895ab75a8f3c481f8fc57c66fd7b,6d6d49dc1434be16d31f9c7c57998ebd4c7297dff0822aff484cfd85f91acd32,4a2c7d539bb1b5d23438827d1d84b4e4b712b8fe607effb46a7b02f8bd23561f,,,ok,punctuation_and_extra_whitespace_normalized
-MeTTeMJBNc/7,-MeTTeMJBNc,7,-MeTTeMJBNc/7.mp4,10.5,decoded_video_pts_span,10.516992,10.516992,10.411995,10.5,10.411315192743764,0.016992000000000118,0.016992000000000118,-0.08868480725623584,0.0,0.0,0.0,10.466666666666667,0.0,10.388095238095238,314,449,True,True,0,0,0,30/1,30/1,29.904761904761905,470,360,44100,2,31,31,0,0,1.0,45,50,50,50,0.0038498556304138597,50,1.0,0.9259552955627441,1x50x128,1x50x74,1x50x52,ok,40716dc7402fd6398038eded58ce939ec76be6afbeea346b968bf4c427088f3a,b9ced9aaf1d22ae7a4261d968fb8888b944ee07c558e81dd861ce0d3fdaed14b,01a0357d7aff03dfff48100a9813588551703dd3ff8bb5444c447867c31e0d5a,1770658d8da555c82c275d40d01f305ba0c031ad04b7e804fa99987ab257b144,,,ok,punctuation_and_extra_whitespace_normalized
-RfYyzHpjk4/11,-RfYyzHpjk4,11,-RfYyzHpjk4/11.mp4,5.233333333333333,decoded_video_pts_span,5.238997,5.238997,5.073991,5.233333333333333,5.07485260770975,0.0056636666666669555,0.0056636666666669555,-0.1584807256235834,0.0,0.0,0.0,5.2,0.0,5.051632653061224,154,219,True,True,0,0,0,30/1,30/1,29.426751592356688,1280,720,44100,2,17,17,0,0,1.0,40,49,43,43,0.18613861386138614,50,1.0,0.9327165484428406,1x50x128,1x50x74,1x50x52,ok,96e481cd732001239639c8cb4e7f94e570925e5a15940920ffab0cec1f13f904,74df22354d0fd9f10faf2496a3f89e50850e9b77fe3c0f517fe5e2158916db6a,a56e20913a18eea486bd0fac68571c8bfe489604c67e609d890305cd92890a48,268533beb0bbca9151b130d19b077937d267eda52eecabe934f4d008693fb147,,,ok,punctuation_and_extra_whitespace_normalized
-RfYyzHpjk4/8,-RfYyzHpjk4,8,-RfYyzHpjk4/8.mp4,4.566666666666666,decoded_video_pts_span,4.588997,4.588997,4.531995,4.566666666666666,4.532358276643991,0.022330333333333563,0.022330333333333563,-0.03430839002267572,0.0,0.0,0.0,4.533333333333333,0.0,4.509138321995465,137,196,True,True,0,0,0,30/1,30/1,30.0,1280,720,44100,2,17,17,0,0,1.0,39,50,39,39,0.1729490022172949,50,1.0,0.9329907298088074,1x50x128,1x50x74,1x50x52,ok,ed8c672c532b8c7d1c830c82d6e2c14fcb3bbd3dc1a86670a03a6c8e83c02f3c,34e6e394e2764f42380da802ea0109f97524786e2b5b0a0e34269686d8b7d5a4,82f7a465faf6bf5cd03697a1ffa207d7db747fb25b39783df48e3e9c5f987a14,c3ce7194539204a59a6fe33d22137d9e1ae37c9edc382cb1da9e14608e07d6a1,,,ok,punctuation_and_extra_whitespace_normalized
-RfYyzHpjk4/2,-RfYyzHpjk4,2,-RfYyzHpjk4/2.mp4,5.5,decoded_video_pts_span,5.516016,5.516016,5.391995,5.5,5.391814058956916,0.016015999999999586,0.016015999999999586,-0.1081859410430841,0.0,0.0,0.0,5.466666666666667,0.0,5.36859410430839,164,233,True,True,0,0,0,30/1,30/1,29.818181818181817,1280,720,44100,2,25,25,0,0,1.0,41,49,43,43,0.1750465549348231,45,0.7804878048780488,0.9200930595397949,1x50x128,1x50x74,1x50x52,ok,5e428ee22de58c9d6561b9b4353bef9dfb811a5841d9ab07b5bc453d697ad17f,ea7ce25c4295631c1d9d44cc3eeb4aafe96a650f52c0160bcf1ae665472261f1,ffef8fff0438e01b9229f12445c4c04fd2635093cf20f98c2f68475cc7a3407d,1de3a9ce1569888b38ade1d10ee45ab9ef67e10885c34c4b0790dd453592595d,,,ok,punctuation_and_extra_whitespace_normalized
-UUCSKoHeMA/0,-UUCSKoHeMA,0,-UUCSKoHeMA/0.mp4,7.866666666666666,decoded_video_pts_span,7.8,7.8,7.731995,7.866666666666666,7.732244897959183,-0.06666666666666643,-0.06666666666666643,-0.13442176870748312,0.0,0.0,0.0,7.833333333333333,0.0,7.7090249433106575,234,333,True,True,0,0,0,30/1,30/1,29.74576271186441,470,360,44100,2,18,18,0,0,1.0,41,50,45,45,0.00648508430609598,50,0.9957264957264957,0.9353531002998352,1x50x128,1x50x74,1x50x52,ok,3f9792888ec8e969f61cfb6cb4de7bdf7ef8944afe0a9d2a9d13586e1f13b898,52e3d32974f215a3723ce62ce12fb858fa3d19213c9a837eadfc7886c03cbbbf,8269f94082503dd3b6cedeaa08f51d0299c69ece12509b4e2e0d19ad6c46eb01,5c0b969cfd2ae99d446169607d004effd02d9e72ab300896a3fe1bfa0e72c397,,,ok,punctuation_and_extra_whitespace_normalized
-ri04Z7vwnc/0,-ri04Z7vwnc,0,-ri04Z7vwnc/0.mp4,2.7944666666666667,decoded_video_pts_span,2.807,2.807,2.762993,2.7944666666666667,2.763265306122449,0.012533333333333285,0.012533333333333285,-0.03120136054421785,0.0,0.0,0.0,2.7527555555555554,0.0,2.7400453514739227,67,120,True,True,0,0,0,3555000/148273,3555000/148273,23.97595247751509,1280,720,44100,2,8,8,0,0,1.0,49,50,50,50,0.0036496350364963502,0,0.0,0.0,1x50x128,1x50x74,1x50x52,ok,93021c70c8fad20ad3fded80e7fc790a2f9c96835de58a3b694c6906de42684b,2ced2b6773c03395884f13ec7a4b0cb784f241f81f36cc9e636a857779506451,67e24366653bb748973c629e8917b2d43c1a042a58c1a25055305cf96dd85d91,896b8bf741fafe268eea2c1211f7cf51ada5fd45792d433718cda1eae6f8af67,low_global_face_coverage|no_reliable_vision_windows,,degraded,
-ri04Z7vwnc/2,-ri04Z7vwnc,2,-ri04Z7vwnc/2.mp4,6.005988888888888,decoded_video_pts_span,6.027,6.027,5.913991,6.005988888888888,5.913378684807256,0.02101111111111198,0.02101111111111198,-0.09261020408163212,0.0,0.0,0.0,5.9642888888888885,0.0,5.89015873015873,143,255,True,True,0,0,0,7470000/311561,7470000/311561,23.809567857268394,1280,720,44100,2,16,16,0,0,1.0,43,50,50,50,0.04753820033955857,18,0.34965034965034963,0.9240240454673767,1x50x128,1x50x74,1x50x52,ok,f5993ce3a6ee56298462c08692a96f78c7d914d7264257ed401de7d6e17fd148,2b741575af025592fc5dc1c0c90e18d4adb98f2a6c389adb1c927b9bece2fb6a,f1fc7e572f747116ac969aae354e4b0eadffdd2088cbbdb7c03a4f771bf7b4ba,fc8840f2a123aba61b88438160ac01275a32712d9e57b9d6f52ace3ec20ae8d6,,,ok,punctuation_and_extra_whitespace_normalized
-ri04Z7vwnc/5,-ri04Z7vwnc,5,-ri04Z7vwnc/5.mp4,3.5035000000000003,decoded_video_pts_span,3.545,3.545,3.44,3.5035000000000003,3.439727891156463,0.04149999999999965,0.04149999999999965,-0.06377210884353746,0.0,0.0,0.0,3.4618,0.0,3.4165079365079367,83,149,True,True,0,0,0,1597500/66629,1597500/66629,23.690595119166545,1280,720,44100,2,8,8,0,0,1.0,32,49,49,49,0.03216374269005848,50,1.0,0.9300277233123779,1x50x128,1x50x74,1x50x52,ok,2a5e4319bf592a18c8eb5117f7c7ec30c6c79528f9eac9fe4fb85bf70f277736,751034e3cba91ff01f5681a6921ae2a96f64e58b8e1ebe943970dc9266a3fdce,9f1ed6d00fa5dec3146b1019a40ac2b65c399aa31740d8710035e573336cca63,258ae6e4845e04d0f737f35765f9dc6c60c3417e507b40edec509f9abae7e11e,,,ok,punctuation_and_extra_whitespace_normalized
-s9qJ7ATP7w/1,-s9qJ7ATP7w,1,-s9qJ7ATP7w/1.mp4,4.766666666666667,decoded_video_pts_span,4.791992,4.791992,4.643991,4.766666666666667,4.643832199546485,0.025325333333332978,0.025325333333332978,-0.12283446712018176,0.0,0.0,0.0,4.733333333333333,0.0,4.620612244897959,140,200,True,True,0,0,0,30/1,30/1,29.37062937062937,1280,720,44100,2,11,11,0,0,1.0,34,49,49,49,0.006493506493506494,49,0.9571428571428572,0.9247386455535889,1x50x128,1x50x74,1x50x52,ok,a33e8f82a185bcb7648b523927308cdc2142e3076479ba2b45cd0e828636fc09,da051a80778bbbbb59d9ddbbd8f185fc75bdb75857a25830f8587cc387018b50,0010ec1ace8265a63cadd211280b3da25a35faf72d44ff2acba4c881b341822f,0d7b8ea75b0898cc04bf4e456db8d2626a610faa55cc2ed4fae9c6e5cbbb8a1d,,,ok,punctuation_and_extra_whitespace_normalized
-s9qJ7ATP7w/0,-s9qJ7ATP7w,0,-s9qJ7ATP7w/0.mp4,6.866666666666666,decoded_video_pts_span,6.8,6.8,6.71,6.866666666666666,6.710566893424036,-0.06666666666666643,-0.06666666666666643,-0.15609977324263014,0.0,0.0,0.0,6.833333333333333,0.0,6.6873469387755105,204,289,True,True,0,0,0,30/1,30/1,29.708737864077673,1280,720,44100,2,24,24,0,0,1.0,43,49,49,49,0.0,50,0.9607843137254902,0.9208419322967529,1x50x128,1x50x74,1x50x52,ok,f2324dbc6debe0d1e4254e6f943523373e3cbb30d8d0555413ce3a7b370a4af5,83777c68d6eac7df45b8e8a787d19b05fcfa808667be8dd743d56f4b3352c3c5,f3ea5b71afff5098a6b81039816d9e88dfa754134a358d231f058a0267438a95,5b29ac8461d69acda7a9c58654a746b0477f438d0e81ba6fb00a4c567cc996f7,,,ok,punctuation_and_extra_whitespace_normalized
-s9qJ7ATP7w/5,-s9qJ7ATP7w,5,-s9qJ7ATP7w/5.mp4,8.533333333333333,decoded_video_pts_span,8.561003,8.561003,8.398005,8.533333333333333,8.397845804988663,0.02766966666666626,0.02766966666666626,-0.1354875283446706,0.0,0.0,0.0,8.5,0.0,8.374625850340136,253,362,True,True,0,0,0,30/1,30/1,29.6484375,1280,720,44100,2,19,19,0,0,1.0,39,50,50,50,0.002386634844868735,50,1.0,0.9287621974945068,1x50x128,1x50x74,1x50x52,ok,bd35eb8de64ce1f8b27921294598f7cf5bb971255738f51d06458c7096c58eae,ad4b492dedd0c4d8732bb739937baaa1241d4567df2a53a8fdc6675a3da9f12a,80daecb46bbe05f341feec02bc40a11e10facae746247cc3b07ae25b22e9bafe,7731ccd3f530ddc4ff67a39e658974fc0bd211c55e73ec3c70e615be8c80d72a,,,ok,punctuation_and_extra_whitespace_normalized
-s9qJ7ATP7w/4,-s9qJ7ATP7w,4,-s9qJ7ATP7w/4.mp4,4.3999999999999995,decoded_video_pts_span,4.427018,4.427018,4.247007,4.3999999999999995,4.246893424036281,0.027018000000000875,0.027018000000000875,-0.15310657596371868,0.0,0.0,0.0,4.366666666666666,0.0,4.223673469387755,129,183,True,True,0,0,0,30/1,30/1,29.31818181818182,1280,720,44100,2,9,9,0,0,1.0,35,49,49,49,0.0,34,0.6589147286821705,0.9273179173469543,1x50x128,1x50x74,1x50x52,ok,76e0672ffce5857a789b41fb10606402f7da58c33579b1032a8282f86fb35bc9,8761622ff841b4959892a62fd613270b2a41a396daa016b91803b076ebed3f94,f64c3d1ef7725cfe1ba4eb8848011b8de43a64e533d09da16ed58815f54d7f6e,3a1bc7d9c02fed6e49c2d419a116ed79b83ef3de71f2b27db7ba610aed9f9de0,,,ok,punctuation_and_extra_whitespace_normalized
-s9qJ7ATP7w/7,-s9qJ7ATP7w,7,-s9qJ7ATP7w/7.mp4,6.933333333333334,decoded_video_pts_span,6.966016,6.966016,6.839002,6.933333333333334,6.838548752834467,0.032682666666666194,0.032682666666666194,-0.09478458049886651,0.0,0.0,0.0,6.9,0.0,6.815328798185941,207,295,True,True,0,0,0,30/1,30/1,29.85576923076923,1280,720,44100,2,28,28,0,0,1.0,44,50,50,50,0.0,29,0.5652173913043478,0.9227561354637146,1x50x128,1x50x74,1x50x52,ok,5301f4403cf7cd299cc525d2f443392ac70fd70c3c9cd4a09406f2ba4df6734d,41f4de80ad4cf5b8e1053934dfbec72ed4358cb54e446e858248061051b48fca,79c62a9d6d62c753a8a8af949176cf8fae6fe350289420ed9045b2690bdea287,559d58dab76a920d63ac0332f2f5976ed8be3984ed33445a212e9657193afb4b,,,ok,punctuation_and_extra_whitespace_normalized
-s9qJ7ATP7w/6,-s9qJ7ATP7w,6,-s9qJ7ATP7w/6.mp4,2.4666666666666663,decoded_video_pts_span,2.475,2.475,2.315011,2.4666666666666663,2.3148072562358277,0.008333333333333748,0.008333333333333748,-0.15185941043083862,0.0,0.0,0.0,2.433333333333333,0.0,2.2915873015873016,71,100,True,True,0,0,0,30/1,30/1,28.783783783783786,1280,720,44100,2,5,5,0,0,1.0,18,47,47,47,0.0,38,0.8028169014084507,0.9257071018218994,1x50x128,1x50x74,1x50x52,ok,40b684fd1b4559f0f82e72f9b47f4ce7c5e15059fe8d0d8ab112637cd3386451,8f600172303e73bd0c793ec3ae2ccb2cfc39b59ff8c39bc572e40ac8448e4ca8,9e0403be6e8513db1315d3c17df618d346535a0f787ac70053d0f49a46e57642,f9f97ddb85dffc08750afdd1876beab3992420ad40dcee8b51885b8caa150244,,,ok,punctuation_and_extra_whitespace_normalized
-s9qJ7ATP7w/8,-s9qJ7ATP7w,8,-s9qJ7ATP7w/8.mp4,3.2666666666666666,decoded_video_pts_span,3.294987,3.294987,3.183991,3.2666666666666666,3.1842176870748298,0.02832033333333328,0.02832033333333328,-0.08244897959183684,0.0,0.0,0.0,3.2333333333333334,0.0,3.1609977324263037,97,138,True,True,0,0,0,30/1,30/1,29.69387755102041,1280,720,44100,2,12,12,0,0,1.0,38,49,49,49,0.0,50,1.0,0.9355669021606445,1x50x128,1x50x74,1x50x52,ok,1de4d91bd9d9fb508a3779658747da88460db0bdb1beefe7ea5b2c77edfd2239,9c51f548641678c3ed0af93adf87025743d8900526d1e4f9a074e771dec748e3,1e97bac07b5c3f2831d47c4dc4a079860e317585e38804db6d2c8d3c3f603995,1194ceac12673075339c857a5e1d7c6c428c75c81f6a2394729fb8fd8d91dfaf,,,ok,punctuation_and_extra_whitespace_normalized
-yRb-Jum7EQ/1,-yRb-Jum7EQ,1,-yRb-Jum7EQ/1.mp4,29.26666666666667,decoded_video_pts_span,29.288021,29.288021,29.109002,29.26666666666667,29.10975056689342,0.021354333333331255,0.021354333333331255,-0.15691609977324816,0.0,0.0,0.0,29.233333333333334,0.0,29.086530612244896,875,1254,True,True,0,0,0,30/1,30/1,29.897494305239178,1280,720,44100,2,49,49,0,0,1.0,48,50,45,45,0.0,48,0.936,0.9330847263336182,1x50x128,1x50x74,1x50x52,ok,2f16da1baa8660e5bfc608f5237cdd59725d16e57a19bc02c4556cd2c7129a46,d123701acde37fd4af9b75af1a4bc6f2c515b75755b245d25d39a1e6c91fae36,29eb41206c5f8b93b90755aad49038549178f7088ac9c268368d15e2fefaf6c9,7d5a82aa43b57511454c6c60f95bc55b2a35c5631ca31aab06cc8ea6216c96f4,,,ok,punctuation_and_extra_whitespace_normalized
-yRb-Jum7EQ/5,-yRb-Jum7EQ,5,-yRb-Jum7EQ/5.mp4,13.166666666666666,decoded_video_pts_span,13.16901,13.16901,13.043991,13.166666666666666,13.04453514739229,0.00234333333333403,0.00234333333333403,-0.12213151927437593,0.0,0.0,0.0,13.133333333333333,0.0,13.021315192743764,394,562,True,True,0,0,0,30/1,30/1,29.924050632911392,1280,720,44100,2,25,25,0,0,1.0,40,50,43,43,0.0,50,1.0,0.9349036812782288,1x50x128,1x50x74,1x50x52,ok,6d6145293cf84d1fc8324dfa8d39465e2d7fc07affb67ff68deeabf6e3c410d9,74c9568d988495af4ea09f87a408f84e2d903cdd470588c479e3949796d028e4,84f0418a73567c8b3995c614528c221924f44c6d8b72acb39313b51313b40bdb,8104b188752ebd92879b92840a3f1344701a5bcdaf702e8a8d9a795cee328116,,,ok,punctuation_and_extra_whitespace_normalized
-yRb-Jum7EQ/6,-yRb-Jum7EQ,6,-yRb-Jum7EQ/6.mp4,11.2,decoded_video_pts_span,11.241995,11.225977,11.241995,11.2,11.242539682539682,0.041995000000000005,0.025977000000001027,0.0425396825396831,0.0,0.0,0.0,11.166666666666666,0.0,11.219319727891156,336,485,True,True,0,0,0,30/1,30/1,30.000000000000004,1280,720,44100,2,19,19,0,0,1.0,30,50,36,36,0.0008936550491510277,50,1.0,0.9311674237251282,1x50x128,1x50x74,1x50x52,ok,b51eb9ad06de804934cb6a315de591ba9ff7f8aa71bffff7f8001ab29945d989,ee5ed4076ed10114e103204274fd193ca1120e8c0f8610597175f2aea5616cc9,e4bdebdc64d78cd9970585459baeb5cfe26534041656c0ffb777e124c433eedd,2f868407016c7be5c1dea7efb28cab915ab0c92653551403cf5b572c2637186c,,,ok,punctuation_and_extra_whitespace_normalized
