sample,main_global,main_position,agreement
-UacrmKiTn4$_$7,vision,vision,True
-qDkUB0GgYY$_$5,text,vision,False
0utROiKxejc$_$1,vision,vision,True
0utROiKxejc$_$4,text,text,True
0y022OlZ3W0$_$3,text,text,True
0y022OlZ3W0$_$5,text,text,True
0y022OlZ3W0$_$8,vision,vision,True
101787$_$11,text,text,True
101787$_$13,vision,vision,True
101787$_$1,text,text,True
101787$_$5,text,text,True
101787$_$7,text,text,True
101787$_$9,text,text,True
102408$_$2,text,text,True
102408$_$5,text,text,True
102408$_$9,text,text,True
102858$_$20,text,vision,False
102858$_$21,text,text,True
102858$_$1,vision,vision,True
102858$_$0,text,text,True
102858$_$4,text,text,True
102858$_$6,vision,vision,True
102858$_$10,text,text,True
102858$_$17,vision,vision,True
102858$_$19,text,text,True
112433$_$10,text,text,True
112433$_$3,text,text,True
112433$_$7,text,text,True
112433$_$6,text,text,True
117tQqLjza4$_$6,text,text,True
11j7EfglCAs$_$2,vision,vision,True
121128$_$10,text,text,True
121128$_$1,text,text,True
121128$_$0,text,text,True
121128$_$5,text,text,True
125344$_$0,text,text,True
125676$_$0,vision,vision,True
125676$_$4,text,text,True
128059$_$11,text,text,True
128059$_$12,text,text,True
128059$_$2,text,text,True
128059$_$7,text,text,True
128059$_$6,text,text,True
128059$_$9,text,text,True
128763$_$12,vision,vision,True
128763$_$3,text,text,True
128763$_$2,text,text,True
128763$_$5,text,text,True
128763$_$7,text,text,True
128763$_$8,text,text,True
130456$_$11,text,text,True
130456$_$3,vision,vision,True
130456$_$5,text,text,True
130456$_$4,text,text,True
130456$_$7,text,text,True
130456$_$6,text,text,True
188343$_$13,text,text,True
188343$_$12,text,text,True
188343$_$5,text,text,True
188343$_$9,text,text,True
188343$_$8,text,text,True
1HK7Nea0PFo$_$1,text,text,True
216097$_$1,text,text,True
216097$_$2,text,text,True
216097$_$5,text,text,True
216097$_$4,text,text,True
216097$_$7,text,text,True
216097$_$8,text,text,True
223431$_$11,text,text,True
223431$_$10,text,text,True
223431$_$13,text,text,True
223431$_$0,vision,vision,True
223431$_$5,text,vision,False
225770$_$3,text,text,True
225770$_$5,vision,vision,True
225770$_$4,text,text,True
225770$_$6,vision,text,False
236021$_$12,vision,vision,True
236021$_$1,text,text,True
236021$_$3,text,text,True
236021$_$2,text,text,True
236021$_$5,text,text,True
236021$_$4,text,text,True
237009$_$11,text,text,True
237009$_$12,text,text,True
237009$_$4,text,vision,False
237009$_$7,text,text,True
237009$_$9,text,text,True
241629$_$10,text,text,True
241629$_$0,text,text,True
241629$_$3,text,text,True
241629$_$5,text,text,True
241629$_$8,text,text,True
243646$_$11,text,text,True
243646$_$12,text,text,True
243646$_$9,text,text,True
243646$_$8,text,text,True
247318$_$12,text,text,True
247318$_$1,vision,vision,True
247318$_$3,vision,vision,True
247318$_$2,vision,vision,True
247318$_$5,vision,vision,True
247318$_$7,text,text,True
247318$_$6,vision,vision,True
252998$_$1,text,text,True
252998$_$0,text,text,True
252998$_$5,text,text,True
252998$_$4,text,text,True
252998$_$7,text,text,True
252998$_$8,text,text,True
257247$_$10,text,text,True
257247$_$12,text,text,True
257247$_$2,vision,vision,True
258654$_$1,text,text,True
258654$_$3,text,text,True
258654$_$4,text,text,True
266791$_$24,text,text,True
266791$_$20,text,text,True
266791$_$21,text,text,True
266791$_$23,vision,vision,True
266791$_$29,text,text,True
266791$_$3,text,text,True
266791$_$5,text,text,True
266791$_$4,vision,vision,True
266791$_$6,text,text,True
266791$_$8,text,text,True
266791$_$11,text,text,True
266791$_$14,text,text,True
270254$_$23,vision,vision,True
270254$_$0,vision,vision,True
270254$_$6,text,text,True
270254$_$8,text,text,True
270254$_$11,vision,vision,True
270254$_$14,vision,text,False
270254$_$16,text,text,True
272624$_$10,text,text,True
272624$_$13,text,text,True
272624$_$12,text,text,True
272624$_$16,text,text,True
272624$_$18,vision,vision,True
272624$_$2,vision,vision,True
272624$_$6,vision,vision,True
272624$_$9,text,text,True
272624$_$8,text,text,True
273539$_$3,text,text,True
273539$_$2,vision,vision,True
273539$_$9,text,text,True
290546$_$3,text,text,True
290546$_$5,text,text,True
290546$_$7,text,text,True
290546$_$6,text,text,True
2S00zYaVrtc$_$10,text,text,True
2S00zYaVrtc$_$12,text,text,True
2S00zYaVrtc$_$20,text,text,True
2S00zYaVrtc$_$17,text,text,True
2S00zYaVrtc$_$5,text,text,True
2S00zYaVrtc$_$4,text,text,True
2Xt31_d0XEE$_$2,text,text,True
31474$_$11,text,text,True
31474$_$14,text,vision,False
31474$_$0,vision,vision,True
31474$_$3,text,text,True
31474$_$6,text,text,True
31474$_$9,text,text,True
31474$_$8,text,vision,False
32681$_$1,text,text,True
32681$_$3,text,text,True
32681$_$5,text,text,True
32681$_$6,text,text,True
33170$_$1,text,text,True
33170$_$3,text,text,True
33170$_$4,text,text,True
3MFNIag0wNE$_$12,text,text,True
3MFNIag0wNE$_$14,text,text,True
3MFNIag0wNE$_$16,vision,vision,True
3MFNIag0wNE$_$7,text,text,True
3V2qm0rw920$_$11,vision,vision,True
3V2qm0rw920$_$13,text,text,True
3V2qm0rw920$_$3,vision,vision,True
3j94B0pzSVs$_$12,text,text,True
3j94B0pzSVs$_$17,text,text,True
3j94B0pzSVs$_$1,vision,vision,True
3j94B0pzSVs$_$0,vision,vision,True
4cFeG2ydm9A$_$8,text,text,True
4dV3slGSc60$_$10,text,text,True
4dV3slGSc60$_$12,text,vision,False
4dV3slGSc60$_$22,vision,vision,True
4dV3slGSc60$_$9,text,text,True
4dV3slGSc60$_$8,text,text,True
50103$_$3,text,text,True
5B0PQx3Ep3k$_$5,text,text,True
5O1W39o56gg$_$1,vision,vision,True
5O1W39o56gg$_$2,vision,vision,True
5O1W39o56gg$_$9,text,text,True
5i6AgQSjXO4$_$3,vision,vision,True
5i6AgQSjXO4$_$2,text,vision,False
5i6AgQSjXO4$_$6,text,text,True
5kaCGzjYukM$_$0,vision,vision,True
5kaCGzjYukM$_$3,text,text,True
5kaCGzjYukM$_$2,text,text,True
5kaCGzjYukM$_$5,text,text,True
5kaCGzjYukM$_$7,text,text,True
6KvG5VbLalY$_$9,vision,vision,True
6ZA8I83x-oY$_$0,vision,vision,True
6ZA8I83x-oY$_$2,text,text,True
6hFiTU77Sm0$_$1,vision,vision,True
6hFiTU77Sm0$_$2,vision,text,False
6uPGcKTpC4I$_$1,vision,vision,True
6uPGcKTpC4I$_$2,text,text,True
6uPGcKTpC4I$_$6,text,text,True
70280$_$11,text,text,True
70280$_$3,text,text,True
70280$_$4,vision,vision,True
70280$_$6,text,text,True
75RGHaxmUK8$_$3,text,text,True
75RGHaxmUK8$_$5,text,text,True
7_K3F-lAv1k$_$2,vision,vision,True
7r4vRxKLFCA$_$6,text,text,True
80566$_$1,vision,vision,True
80566$_$0,vision,vision,True
80566$_$3,vision,vision,True
80566$_$2,vision,vision,True
80566$_$4,text,text,True
80566$_$6,text,text,True
80855$_$11,vision,vision,True
80855$_$10,text,text,True
80855$_$12,text,text,True
80855$_$15,vision,vision,True
80855$_$17,text,text,True
80855$_$0,text,text,True
80855$_$3,vision,vision,True
80855$_$2,text,text,True
80855$_$7,text,text,True
80855$_$20,vision,vision,True
830KzUc6CbU$_$0,text,text,True
830KzUc6CbU$_$13,text,text,True
84140$_$0,vision,vision,True
84140$_$5,text,text,True
89835$_$1,text,vision,False
89835$_$0,vision,vision,True
89835$_$4,text,text,True
89835$_$7,text,text,True
8eaYvALnJ0o$_$1,text,text,True
8eaYvALnJ0o$_$0,text,text,True
8x_nCOh6Wmc$_$6,text,text,True
96642$_$1,text,text,True
96642$_$3,vision,vision,True
96642$_$2,vision,text,False
96642$_$4,text,text,True
99501$_$10,text,text,True
99501$_$13,text,text,True
99501$_$1,vision,vision,True
99501$_$0,text,text,True
99501$_$5,text,text,True
99501$_$7,text,text,True
9QI-9w_VdB4$_$0,vision,vision,True
AG5EY8ZaFj4$_$3,vision,vision,True
AG5EY8ZaFj4$_$15,vision,vision,True
Arh2TKRi_mg$_$15,text,text,True
Arh2TKRi_mg$_$14,text,vision,False
Arh2TKRi_mg$_$16,vision,vision,True
Arh2TKRi_mg$_$19,vision,vision,True
Arh2TKRi_mg$_$32,text,text,True
Arh2TKRi_mg$_$28,text,text,True
Arh2TKRi_mg$_$3,vision,vision,True
AxNy9TeTLq8$_$0,text,text,True
BSKAHXFYF_I$_$1,text,text,True
BSKAHXFYF_I$_$3,vision,vision,True
BSKAHXFYF_I$_$7,text,text,True
BSKAHXFYF_I$_$8,vision,vision,True
Baz0VVQ-E9E$_$10,text,text,True
Baz0VVQ-E9E$_$1,vision,vision,True
Baz0VVQ-E9E$_$5,vision,vision,True
Baz0VVQ-E9E$_$7,text,text,True
CJGuudyvA0Y$_$4,vision,vision,True
CPjbogfLHR4$_$2,vision,vision,True
CPjbogfLHR4$_$5,vision,vision,True
DdUJojoFU_c$_$11,text,text,True
DdUJojoFU_c$_$15,text,text,True
DdUJojoFU_c$_$14,text,vision,False
DdUJojoFU_c$_$17,text,text,True
DdUJojoFU_c$_$16,text,text,True
DdUJojoFU_c$_$2,text,vision,False
DdUJojoFU_c$_$6,text,text,True
DdUJojoFU_c$_$8,text,text,True
DlbYiwOnTyk$_$1,vision,vision,True
E8MuzHUhUHk$_$15,text,text,True
E8MuzHUhUHk$_$14,text,text,True
E8MuzHUhUHk$_$16,text,text,True
E8MuzHUhUHk$_$2,text,text,True
E8MuzHUhUHk$_$9,text,text,True
EEjCkc82oyk$_$7,text,text,True
EEjCkc82oyk$_$9,vision,vision,True
EQxkXiWAm08$_$8,text,text,True
ET1cU5_A2YM$_$1,text,text,True
ET1cU5_A2YM$_$3,vision,vision,True
ET1cU5_A2YM$_$6,text,text,True
EmmuWoCUgXs$_$22,vision,vision,True
EmmuWoCUgXs$_$7,text,text,True
Es9MkKsMsjU$_$10,vision,vision,True
Es9MkKsMsjU$_$12,text,text,True
Es9MkKsMsjU$_$2,text,text,True
Es9MkKsMsjU$_$7,text,text,True
Ezn3p5FWF_U$_$4,text,text,True
F1U26PLiXjM$_$1,vision,vision,True
F6JV-K840EY$_$2,text,text,True
FB_b1dm0SRY$_$10,text,text,True
FB_b1dm0SRY$_$0,vision,vision,True
FB_b1dm0SRY$_$6,text,text,True
FB_b1dm0SRY$_$9,text,text,True
FB_b1dm0SRY$_$8,text,text,True
FxxJB8hBpyQ$_$1,text,text,True
Fy0Uid9afM8$_$0,vision,vision,True
Fy0Uid9afM8$_$3,text,text,True
Fy0Uid9afM8$_$5,text,text,True
Fy0Uid9afM8$_$4,text,text,True
H1DpVwktfDQ$_$0,text,text,True
HGicRLwgtkM$_$1,vision,vision,True
HGicRLwgtkM$_$3,text,text,True
HGicRLwgtkM$_$2,vision,text,False
HGicRLwgtkM$_$6,vision,vision,True
HmXXW45eZL4$_$1,text,text,True
HmXXW45eZL4$_$4,text,text,True
IM6HW1HwHhM$_$11,text,text,True
IM6HW1HwHhM$_$15,text,text,True
IM6HW1HwHhM$_$17,text,text,True
IUmxJNs2zaY$_$3,vision,vision,True
IUmxJNs2zaY$_$2,text,text,True
JAnRCQ9A0vI$_$1,vision,vision,True
JAnRCQ9A0vI$_$0,text,text,True
JAnRCQ9A0vI$_$3,text,text,True
JAnRCQ9A0vI$_$2,text,text,True
JAnRCQ9A0vI$_$5,vision,vision,True
JAnRCQ9A0vI$_$4,vision,text,False
JAnRCQ9A0vI$_$8,text,text,True
JOK1SSmPtFw$_$10,vision,vision,True
JOK1SSmPtFw$_$13,text,text,True
JOK1SSmPtFw$_$14,vision,vision,True
JOK1SSmPtFw$_$16,vision,vision,True
JOK1SSmPtFw$_$0,text,text,True
JOK1SSmPtFw$_$5,vision,vision,True
JOK1SSmPtFw$_$4,vision,vision,True
JOK1SSmPtFw$_$8,vision,text,False
JPT38CA3sGI$_$1,text,text,True
JPT38CA3sGI$_$0,vision,vision,True
JPT38CA3sGI$_$5,text,vision,False
JVpF99zuQhA$_$0,vision,vision,True
JVpF99zuQhA$_$2,vision,vision,True
JVpF99zuQhA$_$4,text,text,True
K0m1tO3Ybyc$_$15,text,vision,False
K0m1tO3Ybyc$_$8,text,text,True
K8gp7ncdUl8$_$5,vision,vision,True
KDjl2exStlI$_$10,vision,vision,True
KDjl2exStlI$_$13,text,text,True
KDjl2exStlI$_$5,text,text,True
KDjl2exStlI$_$4,vision,vision,True
KkKWFZZmmCM$_$1,text,text,True
KpMCvUyQCXg$_$1,text,text,True
KpMCvUyQCXg$_$3,text,text,True
KpMCvUyQCXg$_$5,vision,vision,True
L1eFHRQGFeg$_$2,text,text,True
MCsvw5-7lVE$_$1,text,text,True
MCsvw5-7lVE$_$2,text,text,True
MCsvw5-7lVE$_$4,text,text,True
MMpo2bDk-DU$_$10,vision,vision,True
MMpo2bDk-DU$_$17,text,text,True
MMpo2bDk-DU$_$16,text,text,True
MMpo2bDk-DU$_$19,text,text,True
MjaaudUc5-4$_$1,text,text,True
MjaaudUc5-4$_$0,text,text,True
MjaaudUc5-4$_$3,text,text,True
MjaaudUc5-4$_$6,text,text,True
MoQmPA7Q07Q$_$1,text,text,True
MoQmPA7Q07Q$_$2,text,text,True
N1X63d_jgmw$_$5,text,vision,False
N5xfBtD6rLY$_$7,vision,vision,True
NoZsdSGnNpI$_$7,text,text,True
Nrurc5sMUOE$_$5,text,text,True
Nrurc5sMUOE$_$7,vision,vision,True
Nrurc5sMUOE$_$8,text,text,True
NzvNW7vP-Co$_$5,text,text,True
NzvNW7vP-Co$_$4,text,text,True
NzvNW7vP-Co$_$7,text,vision,False
OLP0nCKwU6k$_$6,vision,vision,True
OrYBtyO0aPI$_$1,text,text,True
OrYBtyO0aPI$_$4,text,text,True
PboaYD5hlG8$_$10,vision,vision,True
PboaYD5hlG8$_$3,text,text,True
PboaYD5hlG8$_$2,text,text,True
PboaYD5hlG8$_$7,text,text,True
PboaYD5hlG8$_$9,text,text,True
PboaYD5hlG8$_$8,text,text,True
Pt-D0LUHDSc$_$2,vision,vision,True
PwapK9d8IGk$_$4,vision,vision,True
PyQrAYl1bFs$_$0,text,text,True
PyQrAYl1bFs$_$3,text,text,True
PyQrAYl1bFs$_$4,text,vision,False
Q4WzApjaCNI$_$0,vision,vision,True
Q7S0tX4FUNA$_$4,vision,vision,True
Q7S0tX4FUNA$_$7,text,text,True
Q7S0tX4FUNA$_$8,text,text,True
Qa6Yz62V-Yc$_$0,text,text,True
QjcQx8_PQfw$_$10,text,text,True
QjcQx8_PQfw$_$7,vision,vision,True
QpchvHpGFc8$_$3,text,text,True
RArhIHk4Qs4$_$13,vision,vision,True
RArhIHk4Qs4$_$17,text,text,True
RArhIHk4Qs4$_$16,vision,vision,True
RArhIHk4Qs4$_$19,text,text,True
RArhIHk4Qs4$_$1,vision,vision,True
RArhIHk4Qs4$_$2,text,text,True
RArhIHk4Qs4$_$7,text,text,True
RArhIHk4Qs4$_$6,text,text,True
RArhIHk4Qs4$_$8,text,text,True
RArhIHk4Qs4$_$21,text,text,True
ROcTx5VEn7o$_$11,vision,vision,True
ROcTx5VEn7o$_$1,vision,vision,True
ROcTx5VEn7o$_$5,text,text,True
ROcTx5VEn7o$_$9,text,text,True
RrGpzInAwCg$_$0,vision,text,False
RzOFxDk26p0$_$1,text,text,True
RzOFxDk26p0$_$0,text,text,True
SHa756SwGJQ$_$0,vision,text,False
SHa756SwGJQ$_$2,text,text,True
SHa756SwGJQ$_$4,vision,vision,True
SHa756SwGJQ$_$7,text,text,True
SHa756SwGJQ$_$6,vision,vision,True
TH32jop4FiI$_$15,text,text,True
TH32jop4FiI$_$17,vision,vision,True
TWszOxkOV0w$_$1,text,text,True
TXCXFYIc3Yo$_$16,vision,vision,True
TXCXFYIc3Yo$_$2,text,vision,False
TXCXFYIc3Yo$_$7,text,vision,False
TXCXFYIc3Yo$_$6,text,text,True
TYJzg5IJN8o$_$11,vision,vision,True
TYJzg5IJN8o$_$10,text,text,True
TYJzg5IJN8o$_$14,text,text,True
TYJzg5IJN8o$_$0,text,text,True
TYJzg5IJN8o$_$4,vision,vision,True
TYJzg5IJN8o$_$7,text,text,True
Uc_6d-fkZEc$_$3,text,text,True
UlTJmndbGHM$_$1,text,text,True
UlTJmndbGHM$_$4,text,text,True
VbV9S4svrTg$_$13,text,text,True
VbV9S4svrTg$_$3,text,text,True
VbV9S4svrTg$_$7,text,text,True
VbV9S4svrTg$_$8,text,text,True
VinxKpWioTo$_$1,text,text,True
VinxKpWioTo$_$0,vision,vision,True
VinxKpWioTo$_$3,text,text,True
VinxKpWioTo$_$5,text,text,True
ViyQVpGW05w$_$1,vision,text,False
ViyQVpGW05w$_$4,text,text,True
ViyQVpGW05w$_$6,text,text,True
Vuay0mVKkik$_$3,text,text,True
WmQF5RmbsVQ$_$6,vision,vision,True
Wrcf2xtqbkQ$_$9,text,text,True
Wrcf2xtqbkQ$_$8,vision,vision,True
WxajvjGKz7Y$_$0,text,text,True
WxajvjGKz7Y$_$3,vision,vision,True
WxajvjGKz7Y$_$6,vision,vision,True
XIGpuL-Kkyk$_$12,vision,vision,True
XIGpuL-Kkyk$_$0,text,text,True
XIGpuL-Kkyk$_$4,text,text,True
XIGpuL-Kkyk$_$7,vision,vision,True
XaVYxIW0FDg$_$2,text,text,True
XyP8bVmGX6M$_$4,text,vision,False
XzVapdEr_GY$_$3,text,text,True
XzVapdEr_GY$_$4,text,text,True
Y7h-S3cJ52o$_$0,vision,vision,True
Y7qkyMyanjU$_$2,vision,vision,True
Y7qkyMyanjU$_$4,vision,vision,True
YbuG8xyUO-o$_$3,text,text,True
YbuG8xyUO-o$_$2,text,text,True
Z7L3V5bwzI0$_$2,text,text,True
ZaoFHcbRM9g$_$3,text,vision,False
ZaoFHcbRM9g$_$2,text,text,True
ZaoFHcbRM9g$_$5,text,vision,False
ZaoFHcbRM9g$_$9,text,text,True
ZaoFHcbRM9g$_$8,text,text,True
Zvisaa77Cng$_$1,text,text,True
Zvisaa77Cng$_$5,text,text,True
_7HVhnSYX1Y$_$26,text,vision,False
_7HVhnSYX1Y$_$12,text,vision,False
_7HVhnSYX1Y$_$14,text,vision,False
_7HVhnSYX1Y$_$19,vision,vision,True
_7HVhnSYX1Y$_$31,text,text,True
_7HVhnSYX1Y$_$3,vision,vision,True
_BvNNdEkhZA$_$14,text,text,True
_BvNNdEkhZA$_$19,vision,vision,True
_BvNNdEkhZA$_$7,vision,vision,True
_BvNNdEkhZA$_$6,text,text,True
_BvNNdEkhZA$_$9,text,text,True
_aZDaIfGfPo$_$1,text,text,True
_aZDaIfGfPo$_$0,vision,vision,True
_gr7o5ynhnw$_$13,vision,vision,True
_gr7o5ynhnw$_$12,text,vision,False
_gr7o5ynhnw$_$15,text,text,True
_gzYkdjNvPc$_$12,vision,vision,True
_gzYkdjNvPc$_$17,text,text,True
_gzYkdjNvPc$_$1,vision,vision,True
_gzYkdjNvPc$_$3,vision,vision,True
_gzYkdjNvPc$_$2,text,text,True
_gzYkdjNvPc$_$5,vision,vision,True
_gzYkdjNvPc$_$4,vision,vision,True
_gzYkdjNvPc$_$6,vision,vision,True
_gzYkdjNvPc$_$9,text,text,True
a-WihYDk6vc$_$8,vision,vision,True
a-WihYDk6vc$_$0,text,text,True
aFhc2ddipoM$_$14,text,text,True
aK5tRCXjUvU$_$0,vision,text,False
b-FX9NOVQOM$_$1,text,text,True
b-FX9NOVQOM$_$4,text,text,True
b1LEcg6z66g$_$0,text,text,True
b1LEcg6z66g$_$4,text,text,True
b1LEcg6z66g$_$8,text,text,True
bAkUEnPoucg$_$3,text,text,True
bNQkb4K5DX0$_$3,text,text,True
bNQkb4K5DX0$_$7,text,text,True
bWunvAd96zI$_$1,text,text,True
bWunvAd96zI$_$2,text,text,True
bWunvAd96zI$_$5,text,vision,False
bWunvAd96zI$_$4,text,text,True
bj9e8w4vNxo$_$12,text,text,True
bpvYdXVlgvc$_$1,text,vision,False
bpvYdXVlgvc$_$3,text,text,True
bpvYdXVlgvc$_$4,text,text,True
bpvYdXVlgvc$_$6,text,text,True
c1a1y9ytHH0$_$0,text,text,True
c1a1y9ytHH0$_$3,vision,text,False
c1a1y9ytHH0$_$7,vision,vision,True
c5cB7AfVgcE$_$12,vision,vision,True
c5cB7AfVgcE$_$5,vision,vision,True
d8BR6hsvzoY$_$1,vision,vision,True
d8BR6hsvzoY$_$0,text,text,True
d8BR6hsvzoY$_$2,vision,vision,True
d8BR6hsvzoY$_$5,text,text,True
d8BR6hsvzoY$_$6,text,text,True
d8BR6hsvzoY$_$9,text,text,True
d8BR6hsvzoY$_$8,vision,vision,True
dBWvtPeHpWM$_$4,text,text,True
dEDbm2ubVRQ$_$0,text,text,True
dEDbm2ubVRQ$_$3,text,text,True
dEDbm2ubVRQ$_$8,vision,vision,True
dt641WxonBI$_$1,text,text,True
dt641WxonBI$_$3,text,text,True
eOiC1kb17P4$_$0,text,text,True
erNDEjQeox8$_$12,text,text,True
ewBrNsyY82Q$_$4,vision,vision,True
fWOIAxzBQFY$_$12,text,text,True
fWOIAxzBQFY$_$5,text,text,True
fWOIAxzBQFY$_$7,text,vision,False
f_ZJ7L14oYQ$_$11,vision,vision,True
f_ZJ7L14oYQ$_$27,vision,vision,True
f_ZJ7L14oYQ$_$21,text,text,True
f_ZJ7L14oYQ$_$17,vision,text,False
f_ZJ7L14oYQ$_$9,text,text,True
f_ZJ7L14oYQ$_$8,text,text,True
ffrJ91swyq0$_$1,text,text,True
g8Cl74tS3oY$_$2,text,text,True
g8Cl74tS3oY$_$6,text,text,True
gR4gM_WXesQ$_$10,text,text,True
gR4gM_WXesQ$_$26,text,text,True
gR4gM_WXesQ$_$20,vision,vision,True
gR4gM_WXesQ$_$24,vision,vision,True
gR4gM_WXesQ$_$18,text,text,True
gR4gM_WXesQ$_$3,text,text,True
gR4gM_WXesQ$_$4,text,text,True
gR4gM_WXesQ$_$8,vision,vision,True
gVqs4TzqySw$_$1,text,text,True
gVqs4TzqySw$_$3,vision,vision,True
gVqs4TzqySw$_$2,vision,vision,True
gVqs4TzqySw$_$4,vision,vision,True
goMtnNHQ_z4$_$1,text,text,True
goMtnNHQ_z4$_$2,text,text,True
goMtnNHQ_z4$_$13,text,text,True
goMtnNHQ_z4$_$12,text,text,True
hqzF4IDaIYE$_$0,text,text,True
hqzF4IDaIYE$_$3,text,text,True
hqzF4IDaIYE$_$2,text,text,True
hqzF4IDaIYE$_$4,vision,vision,True
hqzF4IDaIYE$_$6,text,text,True
hvfaYsv7p8E$_$0,text,text,True
iUXqlrui25c$_$10,text,text,True
iUXqlrui25c$_$21,vision,vision,True
iUXqlrui25c$_$23,vision,text,False
icbUzboLcDQ$_$0,text,vision,False
ioupaiAuRr0$_$5,text,text,True
ioupaiAuRr0$_$4,vision,vision,True
jICmfLeFymA$_$16,text,text,True
jPrEKz1rAno$_$11,vision,vision,True
jPrEKz1rAno$_$7,vision,vision,True
jPrEKz1rAno$_$6,vision,vision,True
k5ZOshC2LP4$_$1,text,text,True
kbGhEJ4W44o$_$0,vision,text,False
kfsO4c0Ekes$_$7,text,text,True
kvUb78Rdzdc$_$3,text,text,True
lO87-4Kf0cQ$_$2,vision,text,False
lO87-4Kf0cQ$_$5,vision,vision,True
lWf5hHRHIDs$_$11,text,text,True
lawHYX5eB20$_$1,vision,vision,True
lawHYX5eB20$_$2,vision,vision,True
mHGaQ_nv9UY$_$13,vision,vision,True
mHGaQ_nv9UY$_$14,vision,vision,True
mHGaQ_nv9UY$_$17,vision,vision,True
mHGaQ_nv9UY$_$22,text,text,True
mHGaQ_nv9UY$_$5,text,text,True
mHGaQ_nv9UY$_$4,text,text,True
mLW-jn67gRE$_$20,text,text,True
mLW-jn67gRE$_$17,vision,vision,True
mLW-jn67gRE$_$1,text,text,True
mLW-jn67gRE$_$3,vision,text,False
mLW-jn67gRE$_$5,text,text,True
mLW-jn67gRE$_$6,text,text,True
mLW-jn67gRE$_$9,vision,text,False
mjpCK2Edsv8$_$0,text,text,True
nUZYqTRSGDw$_$4,text,text,True
nyzIL6YAonY$_$5,text,text,True
nyzIL6YAonY$_$6,vision,vision,True
ooAF6I-fmTg$_$3,text,text,True
ooAF6I-fmTg$_$5,vision,vision,True
ooAF6I-fmTg$_$7,text,text,True
pOrk7fl1AYo$_$1,text,text,True
pOrk7fl1AYo$_$3,vision,vision,True
pOrk7fl1AYo$_$2,text,text,True
pOrk7fl1AYo$_$4,text,text,True
q9yDL81QppI$_$1,vision,vision,True
q9yDL81QppI$_$0,vision,vision,True
q9yDL81QppI$_$2,vision,vision,True
qK77ZmbqmOM$_$9,vision,vision,True
qK77ZmbqmOM$_$0,vision,text,False
qY1sXq-YCHs$_$8,text,text,True
qmMSumMloAs$_$1,text,text,True
qmMSumMloAs$_$3,text,text,True
qmMSumMloAs$_$2,text,text,True
r13W4H8ZhqI$_$12,vision,vision,True
r13W4H8ZhqI$_$1,vision,vision,True
r13W4H8ZhqI$_$5,vision,vision,True
r13W4H8ZhqI$_$8,text,vision,False
r5ijC2W9ddk$_$8,text,text,True
r5ijC2W9ddk$_$0,text,text,True
r9tgDqXEcuc$_$4,vision,vision,True
rf0yDSeVEUA$_$1,text,text,True
rf0yDSeVEUA$_$0,text,text,True
rf0yDSeVEUA$_$3,text,text,True
rojyUp4FPSg$_$26,text,text,True
rojyUp4FPSg$_$20,vision,vision,True
rojyUp4FPSg$_$21,text,text,True
rojyUp4FPSg$_$23,text,text,True
rojyUp4FPSg$_$5,vision,text,False
rojyUp4FPSg$_$7,text,text,True
rojyUp4FPSg$_$9,text,text,True
rojyUp4FPSg$_$10,text,text,True
rojyUp4FPSg$_$12,text,text,True
rojyUp4FPSg$_$16,vision,vision,True
rojyUp4FPSg$_$18,vision,vision,True
rojyUp4FPSg$_$37,text,text,True
rojyUp4FPSg$_$36,text,text,True
rojyUp4FPSg$_$34,text,text,True
rojyUp4FPSg$_$32,text,text,True
rwNlqh0k1j4$_$15,text,text,True
rwNlqh0k1j4$_$3,text,text,True
rwNlqh0k1j4$_$2,vision,vision,True
rwNlqh0k1j4$_$7,text,text,True
sC16n1k66io$_$2,text,text,True
sC16n1k66io$_$16,text,text,True
sPremsknoLM$_$1,text,text,True
ssqiwP19JhM$_$10,vision,text,False
ssqiwP19JhM$_$2,text,text,True
szic2IB9HB4$_$5,text,text,True
tQ-CIfgj-Js$_$3,vision,text,False
tXQpm-nKxNA$_$5,text,text,True
tXQpm-nKxNA$_$7,text,text,True
uacdDoBtT1k$_$0,text,text,True
uacdDoBtT1k$_$6,text,text,True
unNY4zIk8MM$_$1,text,text,True
unNY4zIk8MM$_$3,vision,vision,True
unNY4zIk8MM$_$5,text,text,True
unNY4zIk8MM$_$8,text,text,True
uooIiW6dEyg$_$1,text,text,True
uooIiW6dEyg$_$5,vision,vision,True
v2Rr-EsJda8$_$0,text,text,True
v2Rr-EsJda8$_$6,text,text,True
v9gjg7TDlTA$_$0,text,text,True
v9gjg7TDlTA$_$4,text,text,True
vHzbn_YW76s$_$3,text,text,True
vU0a4F36Ksw$_$13,vision,vision,True
vU0a4F36Ksw$_$12,text,vision,False
vU0a4F36Ksw$_$17,vision,vision,True
vU0a4F36Ksw$_$0,text,text,True
vU0a4F36Ksw$_$3,text,text,True
vU0a4F36Ksw$_$5,vision,vision,True
vU0a4F36Ksw$_$7,vision,vision,True
vU0a4F36Ksw$_$20,vision,vision,True
vbr3EA8cJTI$_$0,text,text,True
vbr3EA8cJTI$_$2,text,text,True
vbr3EA8cJTI$_$7,vision,text,False
vbr3EA8cJTI$_$6,text,text,True
wF8980oGklk$_$24,text,text,True
wF8980oGklk$_$25,text,text,True
wF8980oGklk$_$1,text,text,True
wF8980oGklk$_$0,vision,vision,True
wF8980oGklk$_$3,text,text,True
wF8980oGklk$_$2,text,text,True
wF8980oGklk$_$6,text,text,True
wF8980oGklk$_$17,text,text,True
wosolsrH3sM$_$6,vision,vision,True
x-zGBp7axao$_$3,vision,vision,True
x2lOwQaAn4g$_$4,text,text,True
xUgAP84vsg4$_$15,text,text,True
xUgAP84vsg4$_$4,text,text,True
xUgAP84vsg4$_$8,text,text,True
xivYoEUQ5sk$_$5,text,text,True
xivYoEUQ5sk$_$4,text,text,True
xjsaS-LeZ14$_$20,vision,text,False
xjsaS-LeZ14$_$14,vision,vision,True
xjsaS-LeZ14$_$6,text,text,True
y8HXGm1-Ecw$_$7,text,text,True
y9FyTEyGy5Y$_$1,text,text,True
zhE_68GMJIk$_$8,text,vision,False
zhE_68GMJIk$_$5,text,text,True
zjYEBwXGD8I$_$13,text,text,True
zjYEBwXGD8I$_$15,vision,vision,True
zjYEBwXGD8I$_$0,vision,vision,True
zjYEBwXGD8I$_$2,text,text,True
zjYEBwXGD8I$_$4,vision,vision,True
zjYEBwXGD8I$_$9,text,text,True
zk2jTlAtvSU$_$3,text,text,True
