sample_id,word,predicted_start,predicted_end,timestamp_source,source_video
-HeZS2-Prhc/2,the,0.0,0.54,forced_alignment,-HeZS2-Prhc/2.mp4
-HeZS2-Prhc/2,report,2.67,3.03,forced_alignment,-HeZS2-Prhc/2.mp4
-HeZS2-Prhc/2,and,3.63,4.09,forced_alignment,-HeZS2-Prhc/2.mp4
-HeZS2-Prhc/2,seen,4.42,4.88,forced_alignment,-HeZS2-Prhc/2.mp4
-HeZS2-Prhc/2,solid,6.28,6.79,forced_alignment,-HeZS2-Prhc/2.mp4
-HeZS2-Prhc/2,great,7.29,7.63,forced_alignment,-HeZS2-Prhc/2.mp4
-HwX2H8Z4hY/2,president,0.0,0.33,forced_alignment,-HwX2H8Z4hY/2.mp4
-HwX2H8Z4hY/2,ronald,0.33,0.57,forced_alignment,-HwX2H8Z4hY/2.mp4
-HwX2H8Z4hY/2,reagan,0.57,0.81,forced_alignment,-HwX2H8Z4hY/2.mp4
-HwX2H8Z4hY/2,at,2.86,2.92,forced_alignment,-HwX2H8Z4hY/2.mp4
-HwX2H8Z4hY/2,the,2.92,3.01,forced_alignment,-HwX2H8Z4hY/2.mp4
-HwX2H8Z4hY/2,record,3.01,3.36,forced_alignment,-HwX2H8Z4hY/2.mp4
-MeTTeMJBNc/13,it,0.0,0.57,forced_alignment,-MeTTeMJBNc/13.mp4
-MeTTeMJBNc/13,to,1.68,1.79,forced_alignment,-MeTTeMJBNc/13.mp4
-MeTTeMJBNc/13,a,1.95,2.03,forced_alignment,-MeTTeMJBNc/13.mp4
-MeTTeMJBNc/13,and,3.56,3.7,forced_alignment,-MeTTeMJBNc/13.mp4
-MeTTeMJBNc/13,you,3.81,3.89,forced_alignment,-MeTTeMJBNc/13.mp4
-MeTTeMJBNc/13,gift,4.44,4.97,forced_alignment,-MeTTeMJBNc/13.mp4
-RfYyzHpjk4/2,you,0.49,0.58,forced_alignment,-RfYyzHpjk4/2.mp4
-RfYyzHpjk4/2,call,1.33,1.55,forced_alignment,-RfYyzHpjk4/2.mp4
-RfYyzHpjk4/2,a,2.24,2.28,forced_alignment,-RfYyzHpjk4/2.mp4
-RfYyzHpjk4/2,well,2.85,2.92,forced_alignment,-RfYyzHpjk4/2.mp4
-RfYyzHpjk4/2,planning,3.42,3.77,forced_alignment,-RfYyzHpjk4/2.mp4
-RfYyzHpjk4/2,do,4.57,4.87,forced_alignment,-RfYyzHpjk4/2.mp4
-dxfTGcXJoc/1,for,0.49,0.63,forced_alignment,-dxfTGcXJoc/1.mp4
-dxfTGcXJoc/1,kentucky's,2.73,3.27,forced_alignment,-dxfTGcXJoc/1.mp4
-dxfTGcXJoc/1,and,6.03,6.2,forced_alignment,-dxfTGcXJoc/1.mp4
-dxfTGcXJoc/1,annual,8.98,9.5,forced_alignment,-dxfTGcXJoc/1.mp4
-dxfTGcXJoc/1,other,12.69,12.95,forced_alignment,-dxfTGcXJoc/1.mp4
-dxfTGcXJoc/1,chicago,14.92,15.52,forced_alignment,-dxfTGcXJoc/1.mp4
-egA8-b7-3M/1,i,0.0,0.91,forced_alignment,-egA8-b7-3M/1.mp4
-egA8-b7-3M/1,legal,2.48,2.71,forced_alignment,-egA8-b7-3M/1.mp4
-egA8-b7-3M/1,in,4.49,4.66,forced_alignment,-egA8-b7-3M/1.mp4
-egA8-b7-3M/1,mentor,6.42,6.84,forced_alignment,-egA8-b7-3M/1.mp4
-egA8-b7-3M/1,to,7.81,7.89,forced_alignment,-egA8-b7-3M/1.mp4
-egA8-b7-3M/1,consultants,8.81,9.63,forced_alignment,-egA8-b7-3M/1.mp4
-s9qJ7ATP7w/0,they,0.03,0.09,forced_alignment,-s9qJ7ATP7w/0.mp4
-s9qJ7ATP7w/0,fear,0.95,1.44,forced_alignment,-s9qJ7ATP7w/0.mp4
-s9qJ7ATP7w/0,a,2.23,2.28,forced_alignment,-s9qJ7ATP7w/0.mp4
-s9qJ7ATP7w/0,lose,3.3,3.73,forced_alignment,-s9qJ7ATP7w/0.mp4
-s9qJ7ATP7w/0,and,5.18,5.29,forced_alignment,-s9qJ7ATP7w/0.mp4
-s9qJ7ATP7w/0,up,5.93,6.16,forced_alignment,-s9qJ7ATP7w/0.mp4
-s9qJ7ATP7w/4,i,0.54,0.67,forced_alignment,-s9qJ7ATP7w/4.mp4
-s9qJ7ATP7w/4,lost,0.86,1.26,forced_alignment,-s9qJ7ATP7w/4.mp4
-s9qJ7ATP7w/4,at,1.26,1.37,forced_alignment,-s9qJ7ATP7w/4.mp4
-s9qJ7ATP7w/4,you,2.11,2.22,forced_alignment,-s9qJ7ATP7w/4.mp4
-s9qJ7ATP7w/4,can,2.22,2.4,forced_alignment,-s9qJ7ATP7w/4.mp4
-s9qJ7ATP7w/4,seriously,2.9,3.76,forced_alignment,-s9qJ7ATP7w/4.mp4
-t217m2on-s/7,if,0.52,0.67,forced_alignment,-t217m2on-s/7.mp4
-t217m2on-s/7,and,4.78,4.88,forced_alignment,-t217m2on-s/7.mp4
-t217m2on-s/7,to,7.93,7.99,forced_alignment,-t217m2on-s/7.mp4
-t217m2on-s/7,could,10.99,11.2,forced_alignment,-t217m2on-s/7.mp4
-t217m2on-s/7,a,13.43,13.48,forced_alignment,-t217m2on-s/7.mp4
-t217m2on-s/7,with,16.32,16.58,forced_alignment,-t217m2on-s/7.mp4
-vxjVxOeScU/4,you're,0.0,0.2,forced_alignment,-vxjVxOeScU/4.mp4
-vxjVxOeScU/4,about,1.1,1.71,forced_alignment,-vxjVxOeScU/4.mp4
-vxjVxOeScU/4,marriage,3.13,3.95,forced_alignment,-vxjVxOeScU/4.mp4
-vxjVxOeScU/4,amazing,5.83,6.41,forced_alignment,-vxjVxOeScU/4.mp4
-vxjVxOeScU/4,they've,6.95,7.14,forced_alignment,-vxjVxOeScU/4.mp4
-vxjVxOeScU/4,long,8.19,8.95,forced_alignment,-vxjVxOeScU/4.mp4
