query_grid\key_grid,0,1,2,3,4,5,6,7,8,9,10,11,12,13,14,15,16,17,18,19,20,21,22,23,24,25,26,27,28,29,30,31,32,33,34,35,36,37,38,39,40,41,42,43,44,45,46,47,48,49
0,0.022149011492729187,0.018616201356053352,0.017255792394280434,0.017255792394280434,0.017255792394280434,0.017255792394280434,0.015968596562743187,0.018376193940639496,0.01870313659310341,0.01846931129693985,0.01846931129693985,0.01846931129693985,0.019709965214133263,0.020170509815216064,0.019989583641290665,0.01970859244465828,0.01967165246605873,0.020226173102855682,0.020226173102855682,0.020171863958239555,0.018262989819049835,0.018262989819049835,0.018962740898132324,0.018547141924500465,0.017815135419368744,0.01734938658773899,0.016315894201397896,0.016804350540041924,0.018489714711904526,0.018489714711904526,0.018456459045410156,0.01826506108045578,0.019350936636328697,0.021354375407099724,0.02178298868238926,0.02178298868238926,0.021773235872387886,0.022015172988176346,0.02206949144601822,0.023292532190680504,0.023292532190680504,0.023292532190680504,0.023750627413392067,0.023750627413392067,0.023071834817528725,0.023850098252296448,0.024037837982177734,0.023350808769464493,0.021892035380005836,0.022149011492729187
1,0.021754417568445206,0.018442098051309586,0.017859097570180893,0.017859097570180893,0.017859097570180893,0.017859097570180893,0.016612838953733444,0.019489511847496033,0.0199821125715971,0.020347805693745613,0.020347805693745613,0.020347805693745613,0.02159341238439083,0.020984120666980743,0.021329065784811974,0.0215909481048584,0.02201937511563301,0.02295687422156334,0.02295687422156334,0.023195916786789894,0.021599769592285156,0.021599769592285156,0.020580720156431198,0.01936492510139942,0.018320929259061813,0.01779458113014698,0.01620025932788849,0.01661531999707222,0.017775103449821472,0.017775103449821472,0.01767275296151638,0.017777753993868828,0.019664108753204346,0.02134488895535469,0.021329166367650032,0.021329166367650032,0.02097483165562153,0.020474739372730255,0.01956639252603054,0.02099960669875145,0.02099960669875145,0.02099960669875145,0.02084064856171608,0.02084064856171608,0.01992712914943695,0.019934922456741333,0.02005648985505104,0.020301613956689835,0.020197663456201553,0.021754411980509758
2,0.021974513307213783,0.018173525109887123,0.01766788400709629,0.01766788400709629,0.01766788400709629,0.01766788400709629,0.016143742948770523,0.019166572019457817,0.020250506699085236,0.020454509183764458,0.020454509183764458,0.020454509183764458,0.02122497744858265,0.02067028358578682,0.021030837669968605,0.0217807088047266,0.022365016862750053,0.02318228781223297,0.02318228781223297,0.02357243187725544,0.022047270089387894,0.022047270089387894,0.020947780460119247,0.01961505599319935,0.018552035093307495,0.0180269293487072,0.01617436110973358,0.01662852056324482,0.017800694331526756,0.017800694331526756,0.017585085704922676,0.017789041623473167,0.019753282889723778,0.02147715538740158,0.02132665552198887,0.02132665552198887,0.020977389067411423,0.020356154069304466,0.019342541694641113,0.02078547142446041,0.02078547142446041,0.02078547142446041,0.02069000154733658,0.02069000154733658,0.01974801905453205,0.019791636615991592,0.020019635558128357,0.020215027034282684,0.020187420770525932,0.021974511444568634
3,0.021974513307213783,0.018173525109887123,0.01766788400709629,0.01766788400709629,0.01766788400709629,0.01766788400709629,0.016143742948770523,0.019166572019457817,0.020250506699085236,0.020454509183764458,0.020454509183764458,0.020454509183764458,0.02122497744858265,0.02067028358578682,0.021030837669968605,0.0217807088047266,0.022365016862750053,0.02318228781223297,0.02318228781223297,0.02357243187725544,0.022047270089387894,0.022047270089387894,0.020947780460119247,0.01961505599319935,0.018552035093307495,0.0180269293487072,0.01617436110973358,0.01662852056324482,0.017800694331526756,0.017800694331526756,0.017585085704922676,0.017789041623473167,0.019753282889723778,0.02147715538740158,0.02132665552198887,0.02132665552198887,0.020977389067411423,0.020356154069304466,0.019342541694641113,0.02078547142446041,0.02078547142446041,0.02078547142446041,0.02069000154733658,0.02069000154733658,0.01974801905453205,0.019791636615991592,0.020019635558128357,0.020215027034282684,0.020187420770525932,0.021974511444568634
4,0.021974513307213783,0.018173525109887123,0.01766788400709629,0.01766788400709629,0.01766788400709629,0.01766788400709629,0.016143742948770523,0.019166572019457817,0.020250506699085236,0.020454509183764458,0.020454509183764458,0.020454509183764458,0.02122497744858265,0.02067028358578682,0.021030837669968605,0.0217807088047266,0.022365016862750053,0.02318228781223297,0.02318228781223297,0.02357243187725544,0.022047270089387894,0.022047270089387894,0.020947780460119247,0.01961505599319935,0.018552035093307495,0.0180269293487072,0.01617436110973358,0.01662852056324482,0.017800694331526756,0.017800694331526756,0.017585085704922676,0.017789041623473167,0.019753282889723778,0.02147715538740158,0.02132665552198887,0.02132665552198887,0.020977389067411423,0.020356154069304466,0.019342541694641113,0.02078547142446041,0.02078547142446041,0.02078547142446041,0.02069000154733658,0.02069000154733658,0.01974801905453205,0.019791636615991592,0.020019635558128357,0.020215027034282684,0.020187420770525932,0.021974511444568634
5,0.021974513307213783,0.018173525109887123,0.01766788400709629,0.01766788400709629,0.01766788400709629,0.01766788400709629,0.016143742948770523,0.019166572019457817,0.020250506699085236,0.020454509183764458,0.020454509183764458,0.020454509183764458,0.02122497744858265,0.02067028358578682,0.021030837669968605,0.0217807088047266,0.022365016862750053,0.02318228781223297,0.02318228781223297,0.02357243187725544,0.022047270089387894,0.022047270089387894,0.020947780460119247,0.01961505599319935,0.018552035093307495,0.0180269293487072,0.01617436110973358,0.01662852056324482,0.017800694331526756,0.017800694331526756,0.017585085704922676,0.017789041623473167,0.019753282889723778,0.02147715538740158,0.02132665552198887,0.02132665552198887,0.020977389067411423,0.020356154069304466,0.019342541694641113,0.02078547142446041,0.02078547142446041,0.02078547142446041,0.02069000154733658,0.02069000154733658,0.01974801905453205,0.019791636615991592,0.020019635558128357,0.020215027034282684,0.020187420770525932,0.021974511444568634
6,0.02103436551988125,0.01910640113055706,0.018479187041521072,0.018479187041521072,0.018479187041521072,0.018479187041521072,0.017367776483297348,0.019938811659812927,0.020290840417146683,0.02010512165725231,0.02010512165725231,0.02010512165725231,0.020762860774993896,0.020225290209054947,0.020483901724219322,0.02090340480208397,0.02109641581773758,0.020197222009301186,0.020197225734591484,0.020236296579241753,0.019498039036989212,0.019498039036989212,0.01981884054839611,0.019328942522406578,0.01836722530424595,0.01773214526474476,0.016477089375257492,0.017388150095939636,0.01871061697602272,0.01871061697602272,0.018792692571878433,0.01868155226111412,0.020277846604585648,0.021616457030177116,0.02174977958202362,0.02174977958202362,0.021700851619243622,0.021253328770399094,0.020616205409169197,0.021655604243278503,0.021655604243278503,0.021655604243278503,0.021534685045480728,0.021534685045480728,0.02095819264650345,0.020676760002970695,0.020225677639245987,0.020530877634882927,0.02049681544303894,0.0210343636572361
7,0.022922169417142868,0.018693707883358,0.018100466579198837,0.018100466579198837,0.018100466579198837,0.018100466579198837,0.016927573829889297,0.020022854208946228,0.020509211346507072,0.02031690813601017,0.02031690813601017,0.02031690813601017,0.020906273275613785,0.020067565143108368,0.02034085988998413,0.021097037941217422,0.021719152107834816,0.022367171943187714,0.022367173805832863,0.022950803861021996,0.021529287099838257,0.021529287099838257,0.020464058965444565,0.019219933077692986,0.018038112670183182,0.017591262236237526,0.01593957282602787,0.016438264399766922,0.017470264807343483,0.017470264807343483,0.017453324049711227,0.01771046780049801,0.019581958651542664,0.021436696872115135,0.021516742184758186,0.021516742184758186,0.021198995411396027,0.020536430180072784,0.01956477202475071,0.0210544653236866,0.0210544653236866,0.0210544653236866,0.021002735942602158,0.021002735942602158,0.020112989470362663,0.020243383944034576,0.02042141929268837,0.020463762804865837,0.02021682634949684,0.02292216569185257
8,0.023693112656474113,0.018494190648198128,0.01787615567445755,0.01787615567445755,0.01787615567445755,0.01787615567445755,0.01660960726439953,0.020082799717783928,0.020927095785737038,0.02063240483403206,0.02063240483403206,0.02063240483403206,0.02099229209125042,0.02007090486586094,0.020478148013353348,0.02132626250386238,0.022231565788388252,0.02401079796254635,0.0240107960999012,0.025109896436333656,0.023170342668890953,0.023170342668890953,0.021196704357862473,0.01930074393749237,0.017907317727804184,0.017587576061487198,0.01583440974354744,0.01596793346107006,0.01669156737625599,0.01669156737625599,0.0165841206908226,0.017074037343263626,0.019058790057897568,0.021098462864756584,0.02111792005598545,0.02111792005598545,0.020673247054219246,0.01998337171971798,0.01885749027132988,0.02045496180653572,0.02045496180653572,0.02045496180653572,0.02044680528342724,0.02044680528342724,0.0193742997944355,0.01973831094801426,0.020290378481149673,0.020296677947044373,0.019825559109449387,0.023693108931183815
9,0.0229954831302166,0.018484016880393028,0.017629144713282585,0.017629144713282585,0.017629144713282585,0.017629144713282585,0.016361979767680168,0.01989704556763172,0.020771652460098267,0.020589282736182213,0.020589282736182213,0.020589282736182213,0.0207161046564579,0.019756823778152466,0.020253486931324005,0.021495260298252106,0.022511018440127373,0.024069080129265785,0.024069078266620636,0.02558024600148201,0.02385696768760681,0.02385696768760681,0.021592767909169197,0.019632207229733467,0.018186308443546295,0.01791311427950859,0.015929795801639557,0.01579614169895649,0.016451798379421234,0.016451798379421234,0.0163127314299345,0.016909688711166382,0.019166024401783943,0.021159419789910316,0.02140531688928604,0.02140531688928604,0.02093988098204136,0.020101483911275864,0.018643856048583984,0.020387521013617516,0.020387521013617516,0.020387521013617516,0.020404139533638954,0.020404139533638954,0.019233204424381256,0.019765637814998627,0.02060876414179802,0.020444683730602264,0.02002408728003502,0.0229954794049263
10,0.0229954831302166,0.018484016880393028,0.017629144713282585,0.017629144713282585,0.017629144713282585,0.017629144713282585,0.016361979767680168,0.01989704556763172,0.020771652460098267,0.020589282736182213,0.020589282736182213,0.020589282736182213,0.0207161046564579,0.019756823778152466,0.020253486931324005,0.021495260298252106,0.022511018440127373,0.024069080129265785,0.024069078266620636,0.02558024600148201,0.02385696768760681,0.02385696768760681,0.021592767909169197,0.019632207229733467,0.018186308443546295,0.01791311427950859,0.015929795801639557,0.01579614169895649,0.016451798379421234,0.016451798379421234,0.0163127314299345,0.016909688711166382,0.019166024401783943,0.021159419789910316,0.02140531688928604,0.02140531688928604,0.02093988098204136,0.020101483911275864,0.018643856048583984,0.020387521013617516,0.020387521013617516,0.020387521013617516,0.020404139533638954,0.020404139533638954,0.019233204424381256,0.019765637814998627,0.02060876414179802,0.020444683730602264,0.02002408728003502,0.0229954794049263
11,0.0229954831302166,0.018484016880393028,0.017629144713282585,0.017629144713282585,0.017629144713282585,0.017629144713282585,0.016361979767680168,0.01989704556763172,0.020771652460098267,0.020589282736182213,0.020589282736182213,0.020589282736182213,0.0207161046564579,0.019756823778152466,0.020253486931324005,0.021495260298252106,0.022511018440127373,0.024069080129265785,0.024069078266620636,0.02558024600148201,0.02385696768760681,0.02385696768760681,0.021592767909169197,0.019632207229733467,0.018186308443546295,0.01791311427950859,0.015929795801639557,0.01579614169895649,0.016451798379421234,0.016451798379421234,0.0163127314299345,0.016909688711166382,0.019166024401783943,0.021159419789910316,0.02140531688928604,0.02140531688928604,0.02093988098204136,0.020101483911275864,0.018643856048583984,0.020387521013617516,0.020387521013617516,0.020387521013617516,0.020404139533638954,0.020404139533638954,0.019233204424381256,0.019765637814998627,0.02060876414179802,0.020444683730602264,0.02002408728003502,0.0229954794049263
12,0.020313402637839317,0.0186484232544899,0.017210528254508972,0.017210528254508972,0.017210528254508972,0.017210528254508972,0.015628501772880554,0.01951158605515957,0.02051207609474659,0.020616695284843445,0.020616695284843445,0.020616695284843445,0.02048063836991787,0.019710388034582138,0.02031531184911728,0.02215605042874813,0.023097921162843704,0.02308133989572525,0.02308133989572525,0.024539275094866753,0.023724466562271118,0.023724466562271118,0.022152841091156006,0.020359240472316742,0.01889604516327381,0.01841629296541214,0.01599447801709175,0.01566900499165058,0.016493069007992744,0.016493069007992744,0.016175391152501106,0.016808297485113144,0.01968304067850113,0.021886317059397697,0.02236209437251091,0.02236209437251091,0.021806281059980392,0.020693069323897362,0.018727131187915802,0.020706623792648315,0.020706623792648315,0.020706623792648315,0.020758183673024178,0.020758183673024178,0.01937432773411274,0.020014140754938126,0.021023791283369064,0.020753206685185432,0.020689748227596283,0.02031339891254902
13,0.019921915605664253,0.018313374370336533,0.01688384637236595,0.01688384637236595,0.01688384637236595,0.01688384637236595,0.015358444303274155,0.019139807671308517,0.020156435668468475,0.020503493025898933,0.020503493025898933,0.020503493025898933,0.02035653218626976,0.019748341292142868,0.020415155217051506,0.02224930375814438,0.02317611500620842,0.023921502754092216,0.023921500891447067,0.025661518797278404,0.024546552449464798,0.024546552449464798,0.022451605647802353,0.020484648644924164,0.0190824456512928,0.01876174286007881,0.016339801251888275,0.015821894630789757,0.016509031876921654,0.016509031876921654,0.016069650650024414,0.016807761043310165,0.019545838236808777,0.021591272205114365,0.02197824791073799,0.02197824791073799,0.021356817334890366,0.020458277314901352,0.01868639886379242,0.020535150542855263,0.020535150542855263,0.020535150542855263,0.020623918622732162,0.020623918622732162,0.019315995275974274,0.02009814791381359,0.02117599919438362,0.020933842286467552,0.020789192989468575,0.019921913743019104
14,0.019643839448690414,0.01864333264529705,0.017268100753426552,0.017268100753426552,0.017268100753426552,0.017268100753426552,0.01575528457760811,0.019538581371307373,0.02048076130449772,0.020849090069532394,0.020849090069532394,0.020849090069532394,0.020830411463975906,0.019910268485546112,0.020642124116420746,0.0219922736287117,0.022669875994324684,0.02341904677450657,0.02341904491186142,0.02509118802845478,0.02400796115398407,0.02400796115398407,0.022060835734009743,0.020231589674949646,0.01875552535057068,0.01842550002038479,0.016170229762792587,0.015875907614827156,0.016636723652482033,0.016636723652482033,0.016436798498034477,0.017021527513861656,0.019597765058279037,0.021343911066651344,0.021865960210561752,0.021865960210561752,0.021413642913103104,0.02059023082256317,0.01889830455183983,0.02056867815554142,0.02056867815554142,0.02056867815554142,0.020596541464328766,0.020596541464328766,0.019451331347227097,0.0201615821570158,0.02104223519563675,0.020805105566978455,0.020498018711805344,0.019643837586045265
15,0.02226865664124489,0.01913738250732422,0.018009746447205544,0.018009746447205544,0.018009746447205544,0.018009746447205544,0.017443343997001648,0.02077622525393963,0.020876573398709297,0.020816633477807045,0.020816633477807045,0.020816633477807045,0.020746003836393356,0.01956024393439293,0.020246386528015137,0.02089022658765316,0.02178584598004818,0.024102365598082542,0.02410236746072769,0.026484347879886627,0.024474002420902252,0.024474002420902252,0.02139493264257908,0.01940331608057022,0.017826009541749954,0.017750296741724014,0.01625683531165123,0.015685196965932846,0.015978720039129257,0.015978720039129257,0.01613648608326912,0.016833743080496788,0.018805114552378654,0.020470241084694862,0.021145466715097427,0.021145466715097427,0.02076807990670204,0.02010437473654747,0.01875351555645466,0.020227940753102303,0.020227940753102303,0.020227940753102303,0.02026735432446003,0.02026735432446003,0.019254522398114204,0.01996016874909401,0.020778240635991096,0.020512143149971962,0.019714370369911194,0.02226865291595459
16,0.023247357457876205,0.01917479932308197,0.017998971045017242,0.017998971045017242,0.017998971045017242,0.017998971045017242,0.017916515469551086,0.021092429757118225,0.020859230309724808,0.0205426923930645,0.0205426923930645,0.0205426923930645,0.02035011537373066,0.01917017623782158,0.019775215536355972,0.020439546555280685,0.021540572866797447,0.024699753150343895,0.024699755012989044,0.02730116993188858,0.024779094383120537,0.024779094383120537,0.021384473890066147,0.019265033304691315,0.01765088178217411,0.01778705045580864,0.016439564526081085,0.015529496595263481,0.015642933547496796,0.015642933547496796,0.01589185930788517,0.01678965985774994,0.018566403537988663,0.020324496552348137,0.02097906544804573,0.02097906544804573,0.020603323355317116,0.01989465206861496,0.01860656403005123,0.020098429173231125,0.020098429173231125,0.020098429173231125,0.020236054435372353,0.020236054435372353,0.019193017855286598,0.020063554868102074,0.021020496264100075,0.020627619698643684,0.019654301926493645,0.023247353732585907
17,0.02299746498465538,0.019775375723838806,0.018411198630928993,0.018411198630928993,0.018411198630928993,0.018411198630928993,0.01808680221438408,0.021587137132883072,0.021050335839390755,0.02070396952331066,0.02070396952331066,0.02070396952331066,0.020667986944317818,0.019311387091875076,0.01990356482565403,0.020188679918646812,0.021318623796105385,0.02472727745771408,0.02472727745771408,0.026881109923124313,0.024725398048758507,0.024725398048758507,0.0210744496434927,0.019094977527856827,0.017543094232678413,0.017723768949508667,0.016071636229753494,0.015215140767395496,0.01582118682563305,0.01582118682563305,0.016260463744401932,0.017034003511071205,0.018650799989700317,0.02035871334373951,0.02116130292415619,0.02116130292415619,0.02087542787194252,0.01991170644760132,0.01815793663263321,0.019689129665493965,0.019689129665493965,0.019689129665493965,0.01992994360625744,0.01992994360625744,0.018773114308714867,0.01994815468788147,0.021391496062278748,0.02030223049223423,0.019292641431093216,0.02299746312201023
18,0.02299746498465538,0.019775377586483955,0.018411198630928993,0.018411198630928993,0.018411198630928993,0.018411198630928993,0.01808680221438408,0.021587137132883072,0.021050335839390755,0.02070396952331066,0.02070396952331066,0.02070396952331066,0.020667986944317818,0.019311387091875076,0.01990356482565403,0.02018868178129196,0.021318623796105385,0.02472727745771408,0.02472727745771408,0.026881111785769463,0.024725398048758507,0.024725398048758507,0.0210744496434927,0.019094977527856827,0.017543094232678413,0.017723768949508667,0.016071636229753494,0.015215141698718071,0.01582118682563305,0.01582118682563305,0.016260463744401932,0.017034005373716354,0.018650798127055168,0.02035871520638466,0.02116130292415619,0.02116130292415619,0.02087542787194252,0.01991170644760132,0.01815793476998806,0.019689131528139114,0.019689131528139114,0.019689131528139114,0.01992994174361229,0.01992994174361229,0.018773114308714867,0.01994815468788147,0.0213914941996336,0.02030223049223423,0.019292641431093216,0.02299746312201023
19,0.02312319353222847,0.02006412297487259,0.019234374165534973,0.019234374165534973,0.019234374165534973,0.019234374165534973,0.019040605053305626,0.02259291149675846,0.021916601806879044,0.020769022405147552,0.020769022405147552,0.020769022405147552,0.020490938797593117,0.019088003784418106,0.01956644095480442,0.019540585577487946,0.020454280078411102,0.02415388450026512,0.024153882637619972,0.025887733325362206,0.023256467655301094,0.023256467655301094,0.020456375554203987,0.018953755497932434,0.017534451559185982,0.017622658982872963,0.016263745725154877,0.015683982521295547,0.016198337078094482,0.016198337078094482,0.016598768532276154,0.017537277191877365,0.018603572621941566,0.01990206353366375,0.02053847350180149,0.02053847350180149,0.020459303632378578,0.019687384366989136,0.018497727811336517,0.019900541752576828,0.019900541752576828,0.019900541752576828,0.0201183520257473,0.0201183520257473,0.01914234831929207,0.020032785832881927,0.0210910402238369,0.020336110144853592,0.019230810925364494,0.02312319539487362
20,0.024065596982836723,0.02021835744380951,0.019524864852428436,0.019524864852428436,0.019524864852428436,0.019524864852428436,0.01969914138317108,0.023012902587652206,0.022013861685991287,0.020799804478883743,0.020799804478883743,0.020799804478883743,0.020583175122737885,0.019001761451363564,0.019285179674625397,0.019029174000024796,0.01990121230483055,0.023964855819940567,0.023964857682585716,0.026146523654460907,0.022906199097633362,0.022906199097633362,0.02019955962896347,0.018668323755264282,0.017245713621377945,0.017411725595593452,0.016400521621108055,0.015697967261075974,0.016001351177692413,0.016001351177692413,0.016569051891565323,0.017524944618344307,0.018398836255073547,0.019519995898008347,0.02012127824127674,0.02012127824127674,0.02016834355890751,0.019489940255880356,0.018623435869812965,0.019947299733757973,0.019947299733757973,0.019947299733757973,0.02019212208688259,0.02019212208688259,0.01936919055879116,0.020173663273453712,0.02112245187163353,0.020503034815192223,0.01917843520641327,0.024065595120191574
21,0.024065596982836723,0.02021835744380951,0.019524864852428436,0.019524864852428436,0.019524864852428436,0.019524864852428436,0.01969914138317108,0.023012902587652206,0.022013861685991287,0.020799804478883743,0.020799804478883743,0.020799804478883743,0.020583175122737885,0.019001761451363564,0.019285179674625397,0.019029174000024796,0.01990121230483055,0.023964855819940567,0.023964857682585716,0.026146523654460907,0.022906199097633362,0.022906199097633362,0.02019955962896347,0.018668323755264282,0.017245713621377945,0.017411725595593452,0.016400521621108055,0.015697967261075974,0.016001351177692413,0.016001351177692413,0.016569051891565323,0.017524944618344307,0.018398836255073547,0.019519995898008347,0.02012127824127674,0.02012127824127674,0.02016834355890751,0.019489940255880356,0.018623435869812965,0.019947299733757973,0.019947299733757973,0.019947299733757973,0.02019212208688259,0.02019212208688259,0.01936919055879116,0.020173663273453712,0.02112245187163353,0.020503034815192223,0.01917843520641327,0.024065595120191574
22,0.024400517344474792,0.019628096371889114,0.01875656470656395,0.01875656470656395,0.01875656470656395,0.01875656470656395,0.018498465418815613,0.02180149406194687,0.02148432470858097,0.020912153646349907,0.020912153646349907,0.020912153646349907,0.02052026242017746,0.019275305792689323,0.019696637988090515,0.020220210775732994,0.02132415398955345,0.023525472730398178,0.023525474593043327,0.026110487058758736,0.024121277034282684,0.024121277034282684,0.020973652601242065,0.01908200792968273,0.017452672123908997,0.0172705240547657,0.016178693622350693,0.01570723205804825,0.015757277607917786,0.015757277607917786,0.01600877195596695,0.016821669414639473,0.01848062127828598,0.02023584395647049,0.020869240164756775,0.020869240164756775,0.02058142051100731,0.019803091883659363,0.018602240830659866,0.02006143145263195,0.02006143145263195,0.02006143145263195,0.02013433538377285,0.02013433538377285,0.019150199368596077,0.01966153271496296,0.02040731906890869,0.02015560492873192,0.01930421218276024,0.024400517344474792
23,0.023972662165760994,0.01955447904765606,0.0188252255320549,0.0188252255320549,0.0188252255320549,0.0188252255320549,0.01831798627972603,0.021399887278676033,0.021225040778517723,0.020932653918862343,0.020932653918862343,0.020932653918862343,0.02081216871738434,0.01955183409154415,0.02002820000052452,0.02033434994518757,0.021166333928704262,0.022827282547950745,0.022827284410595894,0.02509881556034088,0.02347826212644577,0.02347826212644577,0.020693909376859665,0.019045338034629822,0.01755731739103794,0.017275145277380943,0.01627041958272457,0.016151538118720055,0.016335278749465942,0.016335278749465942,0.01654944010078907,0.017039494588971138,0.018701879307627678,0.020194489508867264,0.020779045298695564,0.020779045298695564,0.020533215254545212,0.019976921379566193,0.01907585933804512,0.02026662975549698,0.02026662975549698,0.02026662975549698,0.02024739421904087,0.02024739421904087,0.01945194974541664,0.019855665042996407,0.020380979403853416,0.02019171416759491,0.019387029111385345,0.023972660303115845
24,0.023892425000667572,0.019775748252868652,0.019035594537854195,0.019035594537854195,0.019035594537854195,0.019035594537854195,0.018704324960708618,0.02157214656472206,0.020996354520320892,0.020933330059051514,0.020933330059051514,0.020933330059051514,0.02091076783835888,0.01960444077849388,0.020071966573596,0.020236998796463013,0.020964737981557846,0.022753611207008362,0.02275361306965351,0.025094380602240562,0.023577623069286346,0.023577623069286346,0.02058938331902027,0.019037354737520218,0.017649998888373375,0.01745617762207985,0.01658697798848152,0.01643506996333599,0.01657560095191002,0.01657560095191002,0.01679088920354843,0.017248330637812614,0.01873011887073517,0.019900288432836533,0.020509162917733192,0.020509162917733192,0.02027248777449131,0.019828468561172485,0.01907353289425373,0.020057659596204758,0.020057659596204758,0.020057659596204758,0.02002616785466671,0.02002616785466671,0.019364122301340103,0.01976175233721733,0.02028881385922432,0.020034998655319214,0.019234828650951385,0.023892423138022423
25,0.023245885968208313,0.020196538418531418,0.019589561969041824,0.019589561969041824,0.019589561969041824,0.019589561969041824,0.01889752596616745,0.021914837881922722,0.02136911451816559,0.021225372329354286,0.021225372329354286,0.021225372329354286,0.021189535036683083,0.019947003573179245,0.02037559077143669,0.020220329985022545,0.020688163116574287,0.021483195945620537,0.021483195945620537,0.023477429524064064,0.022319026291370392,0.022319026291370392,0.020226091146469116,0.01900579035282135,0.01765182986855507,0.017185745760798454,0.016382882371544838,0.01661764457821846,0.01696201227605343,0.01696201227605343,0.01720646768808365,0.01749885454773903,0.018970035016536713,0.020029157400131226,0.02065441571176052,0.02065441571176052,0.020555546507239342,0.02011687681078911,0.019374066963791847,0.020326564088463783,0.020326564088463783,0.020326564088463783,0.020223209634423256,0.020223209634423256,0.019583964720368385,0.019638102501630783,0.01981523260474205,0.019853107631206512,0.019222991541028023,0.023245880380272865
26,0.02153822034597397,0.020350256934762,0.01991553045809269,0.01991553045809269,0.01991553045809269,0.01991553045809269,0.018661554902791977,0.02143181674182415,0.02102097123861313,0.02117021381855011,0.02117021381855011,0.02117021381855011,0.0214399304240942,0.020510029047727585,0.0207660049200058,0.020279504358768463,0.02035604417324066,0.02014593407511711,0.02014593407511711,0.021216440945863724,0.020480776205658913,0.020480776205658913,0.01972544938325882,0.019028646871447563,0.017904743552207947,0.017184864729642868,0.01648218370974064,0.01731308363378048,0.018028708174824715,0.018028708174824715,0.01822592318058014,0.018133634701371193,0.01951126754283905,0.02031470090150833,0.02079363912343979,0.02079363912343979,0.020818887278437614,0.020560743287205696,0.02022388204932213,0.02087687887251377,0.02087687887251377,0.02087687887251377,0.020678572356700897,0.020678572356700897,0.020270060747861862,0.019972626119852066,0.0196295827627182,0.019955400377511978,0.0195766631513834,0.02153822034597397
27,0.021324070170521736,0.019861264154314995,0.01939837820827961,0.01939837820827961,0.01939837820827961,0.01939837820827961,0.017904989421367645,0.020963409915566444,0.021258220076560974,0.021362507715821266,0.021362507715821266,0.021362507715821266,0.02152521163225174,0.020535657182335854,0.020791733637452126,0.020617293193936348,0.020818129181861877,0.021074075251817703,0.021074077114462852,0.022275088354945183,0.021375060081481934,0.021375060081481934,0.020304258912801743,0.019229833036661148,0.018029754981398582,0.017466876655817032,0.01647123508155346,0.017084980383515358,0.017756734043359756,0.017756734043359756,0.018007734790444374,0.018067020922899246,0.019560452550649643,0.020433848723769188,0.02078097127377987,0.02078097127377987,0.02075272798538208,0.020388983190059662,0.019799506291747093,0.020544681698083878,0.020544681698083878,0.020544681698083878,0.020403167232871056,0.020403167232871056,0.019924994558095932,0.019862251356244087,0.019803525879979134,0.01997411996126175,0.019543670117855072,0.021324068307876587
28,0.020579930394887924,0.01887471042573452,0.01798837259411812,0.01798837259411812,0.01798837259411812,0.01798837259411812,0.016281016170978546,0.019636422395706177,0.020573580637574196,0.021172352135181427,0.021172352135181427,0.021172352135181427,0.021457400172948837,0.020678764209151268,0.02106848917901516,0.0215658750385046,0.0220145545899868,0.022268103435635567,0.022268103435635567,0.02387036196887493,0.023135054856538773,0.023135054856538773,0.021222207695245743,0.019668281078338623,0.01836736872792244,0.01790502294898033,0.016343530267477036,0.016546567901968956,0.017262550070881844,0.017262550070881844,0.01733841933310032,0.017546888440847397,0.019518662244081497,0.02094775252044201,0.021269015967845917,0.021269015967845917,0.020990867167711258,0.020517047494649887,0.019379856064915657,0.02050764113664627,0.02050764113664627,0.02050764113664627,0.020455939695239067,0.020455939695239067,0.01971190981566906,0.020069027319550514,0.020530015230178833,0.02041357010602951,0.020027177408337593,0.020579926669597626
29,0.020579930394887924,0.01887471042573452,0.01798837259411812,0.01798837259411812,0.01798837259411812,0.01798837259411812,0.016281016170978546,0.019636422395706177,0.020573580637574196,0.021172352135181427,0.021172352135181427,0.021172352135181427,0.021457400172948837,0.020678764209151268,0.02106848917901516,0.0215658750385046,0.0220145545899868,0.022268103435635567,0.022268103435635567,0.02387036196887493,0.023135054856538773,0.023135054856538773,0.021222207695245743,0.019668281078338623,0.01836736872792244,0.01790502294898033,0.016343530267477036,0.016546567901968956,0.017262550070881844,0.017262550070881844,0.01733841933310032,0.017546888440847397,0.019518662244081497,0.02094775252044201,0.021269015967845917,0.021269015967845917,0.020990867167711258,0.020517047494649887,0.019379856064915657,0.02050764113664627,0.02050764113664627,0.02050764113664627,0.020455939695239067,0.020455939695239067,0.01971190981566906,0.020069027319550514,0.020530015230178833,0.02041357010602951,0.020027177408337593,0.020579926669597626
30,0.01958354003727436,0.01852971315383911,0.017465796321630478,0.017465796321630478,0.017465796321630478,0.017465796321630478,0.015506910160183907,0.019038978964090347,0.020771730691194534,0.02106998674571514,0.02106998674571514,0.02106998674571514,0.021160021424293518,0.020657608285546303,0.02114013209939003,0.022455547004938126,0.02293827012181282,0.02178323082625866,0.02178322896361351,0.0230293869972229,0.02275075949728489,0.02275075949728489,0.02179577760398388,0.02026602067053318,0.018937889486551285,0.018327318131923676,0.016378985717892647,0.01656349003314972,0.017342712730169296,0.017342712730169296,0.017244452610611916,0.017589904367923737,0.020045354962348938,0.021827921271324158,0.022004179656505585,0.022004179656505585,0.02166040986776352,0.020912673324346542,0.019247226417064667,0.020699597895145416,0.020699597895145416,0.020699597895145416,0.020630039274692535,0.020630039274692535,0.01967707648873329,0.019822632893919945,0.020155062898993492,0.020429182797670364,0.020529460161924362,0.019583536311984062
31,0.021025631576776505,0.019134409725666046,0.018131526187062263,0.018131526187062263,0.018131526187062263,0.018131526187062263,0.01665470562875271,0.02003621682524681,0.021224813535809517,0.021122511476278305,0.021122511476278305,0.021122511476278305,0.021149594336748123,0.020361028611660004,0.020715489983558655,0.021838724613189697,0.02243894338607788,0.021503601223230362,0.021503601223230362,0.022824764251708984,0.02247621864080429,0.02247621864080429,0.021367182955145836,0.01993529684841633,0.018533021211624146,0.01800469309091568,0.016415182501077652,0.0165655929595232,0.01710362918674946,0.01710362918674946,0.017241308465600014,0.01767859421670437,0.019907310605049133,0.02160516381263733,0.021897273138165474,0.021897273138165474,0.021591464057564735,0.020783506333827972,0.019128166139125824,0.020534738898277283,0.020534738898277283,0.020534738898277283,0.02040797658264637,0.02040797658264637,0.019482146948575974,0.019435377791523933,0.019625287503004074,0.019966112449765205,0.02002938650548458,0.021025627851486206
32,0.02159728854894638,0.01896142214536667,0.01798972114920616,0.01798972114920616,0.01798972114920616,0.01798972114920616,0.016730129718780518,0.020102309063076973,0.021117335185408592,0.02105008438229561,0.02105008438229561,0.02105008438229561,0.02096080780029297,0.02004547044634819,0.020708540454506874,0.02165653184056282,0.0223153755068779,0.022095732390880585,0.022095732390880585,0.023874687030911446,0.02323167584836483,0.02323167584836483,0.021403007209300995,0.019800271838903427,0.018312640488147736,0.01786203682422638,0.016308750957250595,0.01637401059269905,0.016777168959379196,0.016777168959379196,0.016840776428580284,0.017308007925748825,0.019507504999637604,0.021182212978601456,0.02165723219513893,0.02165723219513893,0.02130541205406189,0.02062002569437027,0.019176146015524864,0.02055225893855095,0.02055225893855095,0.02055225893855095,0.020429067313671112,0.020429067313671112,0.019511358812451363,0.019627831876277924,0.019899718463420868,0.020188232883810997,0.019957199692726135,0.021597284823656082
33,0.022356562316417694,0.018712518736720085,0.017375633120536804,0.017375633120536804,0.017375633120536804,0.017375633120536804,0.016472838819026947,0.019761811941862106,0.020595608279109,0.020678341388702393,0.020678341388702393,0.020678341388702393,0.02039872109889984,0.019730985164642334,0.020444316789507866,0.02177494205534458,0.022847827523946762,0.023585978895425797,0.023585975170135498,0.025881443172693253,0.024968361482024193,0.024968361482024193,0.02214890718460083,0.019939780235290527,0.018339278176426888,0.01827557384967804,0.016581077128648758,0.01581992208957672,0.015922602266073227,0.015922602266073227,0.015988051891326904,0.016735728830099106,0.019113535061478615,0.021234184503555298,0.02179049327969551,0.02179049327969551,0.02117753028869629,0.0204018522053957,0.018602050840854645,0.020190060138702393,0.020190060138702393,0.020190060138702393,0.02019583433866501,0.02019583433866501,0.01904219016432762,0.019571905955672264,0.020279569551348686,0.020351938903331757,0.020028511062264442,0.022356558591127396
34,0.022361861541867256,0.01847260817885399,0.017311064526438713,0.017311064526438713,0.017311064526438713,0.017311064526438713,0.01634249836206436,0.01956697180867195,0.02054492197930813,0.020652560517191887,0.020652560517191887,0.020652560517191887,0.020514823496341705,0.01990124210715294,0.02061636559665203,0.021752510219812393,0.02267581596970558,0.023387454450130463,0.023387454450130463,0.02566220611333847,0.024665189906954765,0.024665189906954765,0.021931860595941544,0.019911589100956917,0.018408631905913353,0.018203143030405045,0.016596205532550812,0.01613321155309677,0.016301831230521202,0.016301831230521202,0.016185952350497246,0.016798438504338264,0.01901663839817047,0.020969539880752563,0.021451598033308983,0.021451598033308983,0.02090977504849434,0.02033940702676773,0.01888415589928627,0.02036975882947445,0.02036975882947445,0.02036975882947445,0.02038111723959446,0.02038111723959446,0.019336111843585968,0.019793281331658363,0.020419688895344734,0.02057441882789135,0.02012866735458374,0.022361857816576958
35,0.022361861541867256,0.01847260817885399,0.017311064526438713,0.017311064526438713,0.017311064526438713,0.017311064526438713,0.01634249836206436,0.01956697180867195,0.02054492197930813,0.020652560517191887,0.020652560517191887,0.020652560517191887,0.020514823496341705,0.01990124210715294,0.02061636559665203,0.021752510219812393,0.02267581596970558,0.023387454450130463,0.023387454450130463,0.02566220611333847,0.024665189906954765,0.024665189906954765,0.021931860595941544,0.019911589100956917,0.018408631905913353,0.018203143030405045,0.016596205532550812,0.01613321155309677,0.016301831230521202,0.016301831230521202,0.016185952350497246,0.016798438504338264,0.01901663839817047,0.020969539880752563,0.021451598033308983,0.021451598033308983,0.02090977504849434,0.02033940702676773,0.01888415589928627,0.02036975882947445,0.02036975882947445,0.02036975882947445,0.02038111723959446,0.02038111723959446,0.019336111843585968,0.019793281331658363,0.020419688895344734,0.02057441882789135,0.02012866735458374,0.022361857816576958
36,0.022139767184853554,0.018264921382069588,0.017150752246379852,0.017150752246379852,0.017150752246379852,0.017150752246379852,0.01603573188185692,0.019331052899360657,0.020531734451651573,0.020589172840118408,0.020589172840118408,0.020589172840118408,0.020570246502757072,0.01999039575457573,0.02069624327123165,0.0219131987541914,0.022818585857748985,0.023355087265372276,0.023355083540081978,0.025406111031770706,0.024463318288326263,0.024463318288326263,0.021951841190457344,0.019946886226534843,0.01846352592110634,0.018189257010817528,0.016499368473887444,0.01616302691400051,0.0164356492459774,0.0164356492459774,0.016270378604531288,0.016825523227453232,0.019067000597715378,0.021096717566251755,0.021497204899787903,0.021497204899787903,0.020952990278601646,0.02040034532546997,0.018982160836458206,0.020503520965576172,0.020503520965576172,0.020503520965576172,0.02051035314798355,0.02051035314798355,0.01946225017309189,0.019926870241761208,0.020560313016176224,0.020711444318294525,0.020288042724132538,0.022139763459563255
37,0.021129801869392395,0.018288977444171906,0.017239121720194817,0.017239121720194817,0.017239121720194817,0.017239121720194817,0.01579957827925682,0.019130414351820946,0.020501472055912018,0.02081087976694107,0.02081087976694107,0.02081087976694107,0.020862042903900146,0.020376982167363167,0.02103150263428688,0.021975437179207802,0.0226345993578434,0.023083562031388283,0.023083560168743134,0.024925805628299713,0.024077223613858223,0.024077223613858223,0.021756595000624657,0.019947834312915802,0.018557250499725342,0.018162421882152557,0.01644834131002426,0.016318678855895996,0.01675010845065117,0.01675010845065117,0.01659594103693962,0.016977036371827126,0.01916119083762169,0.021018903702497482,0.021440181881189346,0.021440181881189346,0.02097560279071331,0.0205281600356102,0.01916983164846897,0.02059902995824814,0.02059902995824814,0.02059902995824814,0.02059326320886612,0.02059326320886612,0.019628435373306274,0.020089933648705482,0.020679304376244545,0.020776594057679176,0.020346643403172493,0.021129800006747246
38,0.019923336803913116,0.018556712195277214,0.01777767390012741,0.01777767390012741,0.01777767390012741,0.01777767390012741,0.015584375709295273,0.018957065418362617,0.020664043724536896,0.021357793360948563,0.021357793360948563,0.021357793360948563,0.021435705944895744,0.021004561334848404,0.021528899669647217,0.02193976193666458,0.02225339040160179,0.02221178263425827,0.022211778908967972,0.02369435876607895,0.023197650909423828,0.023197650909423828,0.021315043792128563,0.019751211628317833,0.018451092764735222,0.017878245562314987,0.0161740742623806,0.016564710065722466,0.017326340079307556,0.017326340079307556,0.017393168061971664,0.01739600859582424,0.01941986195743084,0.020983602851629257,0.021390294656157494,0.021390294656157494,0.02109583653509617,0.02074219100177288,0.019505541771650314,0.02066616900265217,0.02066616900265217,0.02066616900265217,0.020601589232683182,0.020601589232683182,0.019844459369778633,0.020149394869804382,0.020505482330918312,0.020562997087836266,0.020163629204034805,0.019923333078622818
39,0.020768359303474426,0.018399298191070557,0.017364583909511566,0.017364583909511566,0.017364583909511566,0.017364583909511566,0.015769166871905327,0.019020792096853256,0.02036908268928528,0.020949775353074074,0.020949775353074074,0.020949775353074074,0.021032288670539856,0.020481258630752563,0.021098196506500244,0.02173498272895813,0.022321302443742752,0.02316763997077942,0.02316763997077942,0.025036651641130447,0.024190114811062813,0.024190114811062813,0.02151140384376049,0.01973111927509308,0.018361538648605347,0.0180668942630291,0.016378166154026985,0.01626121625304222,0.016771119087934494,0.016771119087934494,0.016858797520399094,0.01707313023507595,0.019128136336803436,0.020912550389766693,0.0214170403778553,0.0214170403778553,0.020979952067136765,0.020594030618667603,0.01926301047205925,0.020558737218379974,0.020558737218379974,0.020558737218379974,0.020572250708937645,0.020572250708937645,0.019690200686454773,0.020297646522521973,0.020907852798700333,0.02076217159628868,0.020202243700623512,0.020768355578184128
40,0.020768359303474426,0.018399298191070557,0.017364583909511566,0.017364583909511566,0.017364583909511566,0.017364583909511566,0.015769166871905327,0.019020792096853256,0.02036908268928528,0.020949775353074074,0.020949775353074074,0.020949775353074074,0.021032288670539856,0.020481258630752563,0.021098196506500244,0.02173498272895813,0.022321302443742752,0.02316763997077942,0.02316763997077942,0.025036651641130447,0.024190114811062813,0.024190114811062813,0.02151140384376049,0.01973111927509308,0.018361538648605347,0.0180668942630291,0.016378166154026985,0.01626121625304222,0.016771119087934494,0.016771119087934494,0.016858797520399094,0.01707313023507595,0.019128136336803436,0.020912550389766693,0.0214170403778553,0.0214170403778553,0.020979952067136765,0.020594030618667603,0.01926301047205925,0.020558737218379974,0.020558737218379974,0.020558737218379974,0.020572250708937645,0.020572250708937645,0.019690200686454773,0.020297646522521973,0.020907852798700333,0.02076217159628868,0.020202243700623512,0.020768355578184128
41,0.020768359303474426,0.018399298191070557,0.017364583909511566,0.017364583909511566,0.017364583909511566,0.017364583909511566,0.015769166871905327,0.019020792096853256,0.02036908268928528,0.020949775353074074,0.020949775353074074,0.020949775353074074,0.021032288670539856,0.020481258630752563,0.021098196506500244,0.02173498272895813,0.022321302443742752,0.02316763997077942,0.02316763997077942,0.025036651641130447,0.024190114811062813,0.024190114811062813,0.02151140384376049,0.01973111927509308,0.018361538648605347,0.0180668942630291,0.016378166154026985,0.01626121625304222,0.016771119087934494,0.016771119087934494,0.016858797520399094,0.01707313023507595,0.019128136336803436,0.020912550389766693,0.0214170403778553,0.0214170403778553,0.020979952067136765,0.020594030618667603,0.01926301047205925,0.020558737218379974,0.020558737218379974,0.020558737218379974,0.020572250708937645,0.020572250708937645,0.019690200686454773,0.020297646522521973,0.020907852798700333,0.02076217159628868,0.020202243700623512,0.020768355578184128
42,0.021160582080483437,0.01837717927992344,0.017310554161667824,0.017310554161667824,0.017310554161667824,0.017310554161667824,0.015883497893810272,0.019028479233384132,0.020222749561071396,0.0207976084202528,0.0207976084202528,0.0207976084202528,0.020968254655599594,0.020436370745301247,0.02102416194975376,0.021605858579277992,0.02223404124379158,0.023365573957562447,0.023365572094917297,0.025284109637141228,0.024283574894070625,0.024283574894070625,0.02144615724682808,0.01967296190559864,0.01832883059978485,0.018070872873067856,0.016480712220072746,0.01627008244395256,0.01674051582813263,0.01674051582813263,0.016812220215797424,0.017042197287082672,0.019011344760656357,0.020808251574635506,0.02130497246980667,0.02130497246980667,0.020864255726337433,0.020517611876130104,0.01925773173570633,0.020560238510370255,0.020560238510370255,0.020560238510370255,0.020597297698259354,0.020597297698259354,0.019708162173628807,0.020353682339191437,0.021034033969044685,0.020823737606406212,0.02021164819598198,0.021160580217838287
43,0.021160582080483437,0.01837717927992344,0.017310554161667824,0.017310554161667824,0.017310554161667824,0.017310554161667824,0.015883497893810272,0.019028479233384132,0.020222749561071396,0.0207976084202528,0.0207976084202528,0.0207976084202528,0.020968254655599594,0.020436370745301247,0.02102416194975376,0.021605858579277992,0.02223404124379158,0.023365573957562447,0.023365572094917297,0.025284109637141228,0.024283574894070625,0.024283574894070625,0.02144615724682808,0.01967296190559864,0.01832883059978485,0.018070872873067856,0.016480712220072746,0.01627008244395256,0.01674051582813263,0.01674051582813263,0.016812220215797424,0.017042197287082672,0.019011344760656357,0.020808251574635506,0.02130497246980667,0.02130497246980667,0.020864255726337433,0.020517611876130104,0.01925773173570633,0.020560238510370255,0.020560238510370255,0.020560238510370255,0.020597297698259354,0.020597297698259354,0.019708162173628807,0.020353682339191437,0.021034033969044685,0.020823737606406212,0.02021164819598198,0.021160580217838287
44,0.02065744623541832,0.01841289922595024,0.017459208145737648,0.017459208145737648,0.017459208145737648,0.017459208145737648,0.01578112505376339,0.018958309665322304,0.020413149148225784,0.020961076021194458,0.020961076021194458,0.020961076021194458,0.021189194172620773,0.020701823756098747,0.021254047751426697,0.021779851987957954,0.02220504730939865,0.022644177079200745,0.022644177079200745,0.02433859370648861,0.02357121929526329,0.02357121929526329,0.021387139335274696,0.019777460023760796,0.01848316192626953,0.01809689775109291,0.01652451604604721,0.01659376733005047,0.017151862382888794,0.017151862382888794,0.017174193635582924,0.017309311777353287,0.01924368366599083,0.0208754725754261,0.02129107154905796,0.02129107154905796,0.02093127928674221,0.02063826471567154,0.01945146545767784,0.020640766248106956,0.020640766248106956,0.020640766248106956,0.020630337297916412,0.020630337297916412,0.0198417529463768,0.02030496671795845,0.020800523459911346,0.020750952884554863,0.020246567204594612,0.02065744251012802
45,0.02155044488608837,0.01849302463233471,0.01735822483897209,0.01735822483897209,0.01735822483897209,0.01735822483897209,0.016093645244836807,0.019094126299023628,0.0201277956366539,0.02069013938307762,0.02069013938307762,0.02069013938307762,0.02112444117665291,0.020551253110170364,0.021039262413978577,0.021402807906270027,0.021897703409194946,0.023013733327388763,0.023013733327388763,0.024908507242798805,0.023800738155841827,0.023800738155841827,0.021257201209664345,0.019629744812846184,0.018350616097450256,0.018082255497574806,0.016706060618162155,0.016470126807689667,0.016918085515499115,0.016918085515499115,0.0169875118881464,0.01721898838877678,0.018973924219608307,0.020645014941692352,0.021105602383613586,0.021105602383613586,0.020761962980031967,0.020513728260993958,0.019359275698661804,0.020609546452760696,0.020609546452760696,0.020609546452760696,0.02068028226494789,0.02068028226494789,0.019857659935951233,0.020505445078015327,0.021261774003505707,0.02094435878098011,0.020272064954042435,0.021550443023443222
46,0.02320948801934719,0.018402598798274994,0.017011161893606186,0.017011161893606186,0.017011161893606186,0.017011161893606186,0.0165436752140522,0.01921432465314865,0.019578028470277786,0.020046740770339966,0.020046740770339966,0.020046740770339966,0.02078694850206375,0.020087795332074165,0.02045898512005806,0.020720617845654488,0.021387891843914986,0.023698430508375168,0.023698430508375168,0.025966782122850418,0.024091150611639023,0.024091150611639023,0.020993946120142937,0.01937967725098133,0.018153823912143707,0.01808127760887146,0.016997940838336945,0.016312938183546066,0.01666143909096718,0.01666143909096718,0.01669101044535637,0.017003819346427917,0.018500126898288727,0.020234817638993263,0.020740441977977753,0.020740441977977753,0.02040672115981579,0.020264770835638046,0.01938667707145214,0.02069784887135029,0.02069784887135029,0.02069784887135029,0.020930085331201553,0.020930085331201553,0.020079629495739937,0.02112424187362194,0.022328360006213188,0.02150767296552658,0.020464414730668068,0.023209482431411743
47,0.02230977639555931,0.018746281042695045,0.01756884902715683,0.01756884902715683,0.01756884902715683,0.01756884902715683,0.016780223697423935,0.01966290920972824,0.020302992314100266,0.02060394547879696,0.02060394547879696,0.02060394547879696,0.020882897078990936,0.020126935094594955,0.020663339644670486,0.020937614142894745,0.021478179842233658,0.0230264775454998,0.0230264775454998,0.025155726820230484,0.023851118981838226,0.023851118981838226,0.021078791469335556,0.01952272653579712,0.018206516280770302,0.018068183213472366,0.01692448928952217,0.016567861661314964,0.016811933368444443,0.016811933368444443,0.01689288765192032,0.017241626977920532,0.018825195729732513,0.020294133573770523,0.020875420421361923,0.020875420421361923,0.02056918852031231,0.0203618835657835,0.019396502524614334,0.02052278071641922,0.02052278071641922,0.02052278071641922,0.020610984414815903,0.020610984414815903,0.019861668348312378,0.020572323352098465,0.02129758521914482,0.02090209722518921,0.020052233710885048,0.02230977639555931
48,0.02247939445078373,0.019072920083999634,0.018003150820732117,0.018003150820732117,0.018003150820732117,0.018003150820732117,0.017222188413143158,0.020157726481556892,0.020631060004234314,0.020944444462656975,0.020944444462656975,0.020944444462656975,0.02103450521826744,0.020123451948165894,0.02071864902973175,0.02097700908780098,0.021593153476715088,0.02303280495107174,0.02303280308842659,0.025449763983488083,0.024221308529376984,0.024221308529376984,0.02115849405527115,0.019477898254990578,0.018066594377160072,0.01790853589773178,0.016773484647274017,0.016436867415905,0.016588330268859863,0.016588330268859863,0.016739290207624435,0.017154846340417862,0.018843282014131546,0.02024034410715103,0.020863980054855347,0.020863980054855347,0.020537324249744415,0.020203420892357826,0.01912321336567402,0.02022741734981537,0.02022741734981537,0.02022741734981537,0.0202331580221653,0.0202331580221653,0.019462255761027336,0.01996667869389057,0.020524095743894577,0.020370298996567726,0.019666509702801704,0.02247939258813858
49,0.022149011492729187,0.0186162032186985,0.017255792394280434,0.017255792394280434,0.017255792394280434,0.017255792394280434,0.015968598425388336,0.018376193940639496,0.01870313473045826,0.018469313159585,0.018469313159585,0.018469313159585,0.019709967076778412,0.020170509815216064,0.019989585503935814,0.01970859244465828,0.01967165246605873,0.020226173102855682,0.020226173102855682,0.020171863958239555,0.018262989819049835,0.018262989819049835,0.018962742760777473,0.018547140061855316,0.017815133556723595,0.01734938658773899,0.016315894201397896,0.016804352402687073,0.018489714711904526,0.018489714711904526,0.018456460908055305,0.01826506108045578,0.019350936636328697,0.021354373544454575,0.02178298681974411,0.02178298681974411,0.021773235872387886,0.022015174850821495,0.02206948958337307,0.023292534053325653,0.023292534053325653,0.023292534053325653,0.023750625550746918,0.023750625550746918,0.023071834817528725,0.023850098252296448,0.024037837982177734,0.023350808769464493,0.021892035380005836,0.022149011492729187
